/*
Navicat MySQL Data Transfer

Source Server         : localhost_3306
Source Server Version : 50716
Source Host           : 127.0.0.1:3306
Source Database       : oa

Target Server Type    : MYSQL
Target Server Version : 50716
File Encoding         : 65001

Date: 2020-07-31 23:16:15
*/

SET FOREIGN_KEY_CHECKS=0;

-- ----------------------------
-- Table structure for act_evt_log
-- ----------------------------
DROP TABLE IF EXISTS `act_evt_log`;
CREATE TABLE `act_evt_log` (
  `LOG_NR_` bigint(20) NOT NULL AUTO_INCREMENT,
  `TYPE_` varchar(64) COLLATE utf8_bin DEFAULT NULL,
  `PROC_DEF_ID_` varchar(64) COLLATE utf8_bin DEFAULT NULL,
  `PROC_INST_ID_` varchar(64) COLLATE utf8_bin DEFAULT NULL,
  `EXECUTION_ID_` varchar(64) COLLATE utf8_bin DEFAULT NULL,
  `TASK_ID_` varchar(64) COLLATE utf8_bin DEFAULT NULL,
  `TIME_STAMP_` timestamp(3) NOT NULL DEFAULT CURRENT_TIMESTAMP(3) ON UPDATE CURRENT_TIMESTAMP(3),
  `USER_ID_` varchar(255) COLLATE utf8_bin DEFAULT NULL,
  `DATA_` longblob,
  `LOCK_OWNER_` varchar(255) COLLATE utf8_bin DEFAULT NULL,
  `LOCK_TIME_` timestamp(3) NULL DEFAULT NULL,
  `IS_PROCESSED_` tinyint(4) DEFAULT '0',
  PRIMARY KEY (`LOG_NR_`)
) ENGINE=InnoDB DEFAULT CHARSET=utf8 COLLATE=utf8_bin;

-- ----------------------------
-- Records of act_evt_log
-- ----------------------------

-- ----------------------------
-- Table structure for act_ge_bytearray
-- ----------------------------
DROP TABLE IF EXISTS `act_ge_bytearray`;
CREATE TABLE `act_ge_bytearray` (
  `ID_` varchar(64) COLLATE utf8_bin NOT NULL,
  `REV_` int(11) DEFAULT NULL,
  `NAME_` varchar(255) COLLATE utf8_bin DEFAULT NULL,
  `DEPLOYMENT_ID_` varchar(64) COLLATE utf8_bin DEFAULT NULL,
  `BYTES_` longblob,
  `GENERATED_` tinyint(4) DEFAULT NULL,
  PRIMARY KEY (`ID_`),
  KEY `ACT_FK_BYTEARR_DEPL` (`DEPLOYMENT_ID_`),
  CONSTRAINT `ACT_FK_BYTEARR_DEPL` FOREIGN KEY (`DEPLOYMENT_ID_`) REFERENCES `act_re_deployment` (`ID_`)
) ENGINE=InnoDB DEFAULT CHARSET=utf8 COLLATE=utf8_bin;

-- ----------------------------
-- Records of act_ge_bytearray
-- ----------------------------
INSERT INTO `act_ge_bytearray` VALUES ('15002', '1', 'LeaveBean.bpmn', '15001', 0x3C3F786D6C2076657273696F6E3D22312E302220656E636F64696E673D225554462D38223F3E0A3C646566696E6974696F6E7320786D6C6E733D22687474703A2F2F7777772E6F6D672E6F72672F737065632F42504D4E2F32303130303532342F4D4F44454C2220786D6C6E733A7873693D22687474703A2F2F7777772E77332E6F72672F323030312F584D4C536368656D612D696E7374616E63652220786D6C6E733A7873643D22687474703A2F2F7777772E77332E6F72672F323030312F584D4C536368656D612220786D6C6E733A61637469766974693D22687474703A2F2F61637469766974692E6F72672F62706D6E2220786D6C6E733A62706D6E64693D22687474703A2F2F7777772E6F6D672E6F72672F737065632F42504D4E2F32303130303532342F44492220786D6C6E733A6F6D6764633D22687474703A2F2F7777772E6F6D672E6F72672F737065632F44442F32303130303532342F44432220786D6C6E733A6F6D6764693D22687474703A2F2F7777772E6F6D672E6F72672F737065632F44442F32303130303532342F44492220747970654C616E67756167653D22687474703A2F2F7777772E77332E6F72672F323030312F584D4C536368656D61222065787072657373696F6E4C616E67756167653D22687474703A2F2F7777772E77332E6F72672F313939392F585061746822207461726765744E616D6573706163653D22687474703A2F2F7777772E61637469766974692E6F72672F74657374223E0A20203C70726F636573732069643D224C656176654265616E22206E616D653D224C656176654265616E50726F636573732220697345786563757461626C653D2274727565223E0A202020203C73746172744576656E742069643D2273746172746576656E743122206E616D653D225374617274223E3C2F73746172744576656E743E0A202020203C757365725461736B2069643D22757365727461736B3122206E616D653D22E8AFB7E58187E794B3E8AFB7222061637469766974693A61737369676E65653D22247B7573657249647D222061637469766974693A666F726D4B65793D222F61637469766974696D67722F70726F636573735461736B2F676F746F4C6561766550726F636573735461736B44657461696C223E3C2F757365725461736B3E0A202020203C73657175656E6365466C6F772069643D22666C6F77312220736F757263655265663D2273746172746576656E743122207461726765745265663D22757365727461736B31223E3C2F73657175656E6365466C6F773E0A202020203C757365725461736B2069643D22757365727461736B3222206E616D653D22E4B8BBE7AEA1E5AEA1E689B9222061637469766974693A666F726D4B65793D222F61637469766974696D67722F70726F636573735461736B2F676F746F4C6561766550726F636573735461736B44657461696C223E0A2020202020203C657874656E73696F6E456C656D656E74733E0A20202020202020203C61637469766974693A7461736B4C697374656E6572206576656E743D226372656174652220636C6173733D22636E2E626167656265796F6E642E6F612E61637469766974696D616E6167652E6C697374656E65722E446570744D616E616765725461736B4C697374656E6572223E3C2F61637469766974693A7461736B4C697374656E65723E0A2020202020203C2F657874656E73696F6E456C656D656E74733E0A202020203C2F757365725461736B3E0A202020203C73657175656E6365466C6F772069643D22666C6F77322220736F757263655265663D22757365727461736B3122207461726765745265663D22757365727461736B32223E3C2F73657175656E6365466C6F773E0A202020203C757365725461736B2069643D22757365727461736B3322206E616D653D22E7BB8FE79086E5AEA1E689B9222061637469766974693A666F726D4B65793D222F61637469766974696D67722F70726F636573735461736B2F676F746F4C6561766550726F636573735461736B44657461696C223E0A2020202020203C657874656E73696F6E456C656D656E74733E0A20202020202020203C61637469766974693A7461736B4C697374656E6572206576656E743D226372656174652220636C6173733D22636E2E626167656265796F6E642E6F612E61637469766974696D616E6167652E6C697374656E65722E5465616D4C65616465725461736B4C697374656E6572223E3C2F61637469766974693A7461736B4C697374656E65723E0A2020202020203C2F657874656E73696F6E456C656D656E74733E0A202020203C2F757365725461736B3E0A202020203C73657175656E6365466C6F772069643D22666C6F773322206E616D653D22E689B9E587862220736F757263655265663D22757365727461736B3222207461726765745265663D22757365727461736B33223E0A2020202020203C636F6E646974696F6E45787072657373696F6E207873693A747970653D2274466F726D616C45787072657373696F6E223E3C215B43444154415B247B6F7574636F6D653D3D22E689B9E58786227D5D5D3E3C2F636F6E646974696F6E45787072657373696F6E3E0A202020203C2F73657175656E6365466C6F773E0A202020203C656E644576656E742069643D22656E646576656E743122206E616D653D22456E64223E3C2F656E644576656E743E0A202020203C73657175656E6365466C6F772069643D22666C6F773422206E616D653D22E689B9E587862220736F757263655265663D22757365727461736B3322207461726765745265663D22656E646576656E7431223E0A2020202020203C636F6E646974696F6E45787072657373696F6E207873693A747970653D2274466F726D616C45787072657373696F6E223E3C215B43444154415B247B6F7574636F6D653D3D22E689B9E58786227D5D5D3E3C2F636F6E646974696F6E45787072657373696F6E3E0A202020203C2F73657175656E6365466C6F773E0A202020203C73657175656E6365466C6F772069643D22666C6F773522206E616D653D22E9A9B3E59B9E2220736F757263655265663D22757365727461736B3222207461726765745265663D22757365727461736B31223E0A2020202020203C636F6E646974696F6E45787072657373696F6E207873693A747970653D2274466F726D616C45787072657373696F6E223E3C215B43444154415B247B6F7574636F6D653D3D22E9A9B3E59B9E227D5D5D3E3C2F636F6E646974696F6E45787072657373696F6E3E0A202020203C2F73657175656E6365466C6F773E0A202020203C73657175656E6365466C6F772069643D22666C6F773722206E616D653D22E9A9B3E59B9E2220736F757263655265663D22757365727461736B3322207461726765745265663D22757365727461736B31223E0A2020202020203C636F6E646974696F6E45787072657373696F6E207873693A747970653D2274466F726D616C45787072657373696F6E223E3C215B43444154415B247B6F7574636F6D653D3D22E9A9B3E59B9E227D5D5D3E3C2F636F6E646974696F6E45787072657373696F6E3E0A202020203C2F73657175656E6365466C6F773E0A20203C2F70726F636573733E0A20203C62706D6E64693A42504D4E4469616772616D2069643D2242504D4E4469616772616D5F4C656176654265616E223E0A202020203C62706D6E64693A42504D4E506C616E652062706D6E456C656D656E743D224C656176654265616E222069643D2242504D4E506C616E655F4C656176654265616E223E0A2020202020203C62706D6E64693A42504D4E53686170652062706D6E456C656D656E743D2273746172746576656E7431222069643D2242504D4E53686170655F73746172746576656E7431223E0A20202020202020203C6F6D6764633A426F756E6473206865696768743D2233352E30222077696474683D2233352E302220783D223431352E302220793D2237312E30223E3C2F6F6D6764633A426F756E64733E0A2020202020203C2F62706D6E64693A42504D4E53686170653E0A2020202020203C62706D6E64693A42504D4E53686170652062706D6E456C656D656E743D22757365727461736B31222069643D2242504D4E53686170655F757365727461736B31223E0A20202020202020203C6F6D6764633A426F756E6473206865696768743D2235352E30222077696474683D223130352E302220783D223338302E302220793D223136312E30223E3C2F6F6D6764633A426F756E64733E0A2020202020203C2F62706D6E64693A42504D4E53686170653E0A2020202020203C62706D6E64693A42504D4E53686170652062706D6E456C656D656E743D22757365727461736B32222069643D2242504D4E53686170655F757365727461736B32223E0A20202020202020203C6F6D6764633A426F756E6473206865696768743D2235352E30222077696474683D223130352E302220783D223338302E302220793D223236312E30223E3C2F6F6D6764633A426F756E64733E0A2020202020203C2F62706D6E64693A42504D4E53686170653E0A2020202020203C62706D6E64693A42504D4E53686170652062706D6E456C656D656E743D22757365727461736B33222069643D2242504D4E53686170655F757365727461736B33223E0A20202020202020203C6F6D6764633A426F756E6473206865696768743D2235352E30222077696474683D223130352E302220783D223338302E302220793D223336312E30223E3C2F6F6D6764633A426F756E64733E0A2020202020203C2F62706D6E64693A42504D4E53686170653E0A2020202020203C62706D6E64693A42504D4E53686170652062706D6E456C656D656E743D22656E646576656E7431222069643D2242504D4E53686170655F656E646576656E7431223E0A20202020202020203C6F6D6764633A426F756E6473206865696768743D2233352E30222077696474683D2233352E302220783D223431352E302220793D223438312E30223E3C2F6F6D6764633A426F756E64733E0A2020202020203C2F62706D6E64693A42504D4E53686170653E0A2020202020203C62706D6E64693A42504D4E456467652062706D6E456C656D656E743D22666C6F7731222069643D2242504D4E456467655F666C6F7731223E0A20202020202020203C6F6D6764693A776179706F696E7420783D223433322E302220793D223130362E30223E3C2F6F6D6764693A776179706F696E743E0A20202020202020203C6F6D6764693A776179706F696E7420783D223433322E302220793D223136312E30223E3C2F6F6D6764693A776179706F696E743E0A2020202020203C2F62706D6E64693A42504D4E456467653E0A2020202020203C62706D6E64693A42504D4E456467652062706D6E456C656D656E743D22666C6F7732222069643D2242504D4E456467655F666C6F7732223E0A20202020202020203C6F6D6764693A776179706F696E7420783D223433322E302220793D223231362E30223E3C2F6F6D6764693A776179706F696E743E0A20202020202020203C6F6D6764693A776179706F696E7420783D223433322E302220793D223236312E30223E3C2F6F6D6764693A776179706F696E743E0A2020202020203C2F62706D6E64693A42504D4E456467653E0A2020202020203C62706D6E64693A42504D4E456467652062706D6E456C656D656E743D22666C6F7733222069643D2242504D4E456467655F666C6F7733223E0A20202020202020203C6F6D6764693A776179706F696E7420783D223433322E302220793D223331362E30223E3C2F6F6D6764693A776179706F696E743E0A20202020202020203C6F6D6764693A776179706F696E7420783D223433322E302220793D223336312E30223E3C2F6F6D6764693A776179706F696E743E0A20202020202020203C62706D6E64693A42504D4E4C6162656C3E0A202020202020202020203C6F6D6764633A426F756E6473206865696768743D2231362E30222077696474683D2233322E302220783D223433322E302220793D223332392E30223E3C2F6F6D6764633A426F756E64733E0A20202020202020203C2F62706D6E64693A42504D4E4C6162656C3E0A2020202020203C2F62706D6E64693A42504D4E456467653E0A2020202020203C62706D6E64693A42504D4E456467652062706D6E456C656D656E743D22666C6F7734222069643D2242504D4E456467655F666C6F7734223E0A20202020202020203C6F6D6764693A776179706F696E7420783D223433322E302220793D223431362E30223E3C2F6F6D6764693A776179706F696E743E0A20202020202020203C6F6D6764693A776179706F696E7420783D223433322E302220793D223438312E30223E3C2F6F6D6764693A776179706F696E743E0A20202020202020203C62706D6E64693A42504D4E4C6162656C3E0A202020202020202020203C6F6D6764633A426F756E6473206865696768743D2231362E30222077696474683D2233322E302220783D223433322E302220793D223433392E30223E3C2F6F6D6764633A426F756E64733E0A20202020202020203C2F62706D6E64693A42504D4E4C6162656C3E0A2020202020203C2F62706D6E64693A42504D4E456467653E0A2020202020203C62706D6E64693A42504D4E456467652062706D6E456C656D656E743D22666C6F7735222069643D2242504D4E456467655F666C6F7735223E0A20202020202020203C6F6D6764693A776179706F696E7420783D223438352E302220793D223238382E30223E3C2F6F6D6764693A776179706F696E743E0A20202020202020203C6F6D6764693A776179706F696E7420783D223630372E302220793D223238382E30223E3C2F6F6D6764693A776179706F696E743E0A20202020202020203C6F6D6764693A776179706F696E7420783D223630372E302220793D223233392E30223E3C2F6F6D6764693A776179706F696E743E0A20202020202020203C6F6D6764693A776179706F696E7420783D223630372E302220793D223138382E30223E3C2F6F6D6764693A776179706F696E743E0A20202020202020203C6F6D6764693A776179706F696E7420783D223438352E302220793D223138382E30223E3C2F6F6D6764693A776179706F696E743E0A20202020202020203C62706D6E64693A42504D4E4C6162656C3E0A202020202020202020203C6F6D6764633A426F756E6473206865696768743D2231362E30222077696474683D2233322E302220783D223630392E302220793D223234362E30223E3C2F6F6D6764633A426F756E64733E0A20202020202020203C2F62706D6E64693A42504D4E4C6162656C3E0A2020202020203C2F62706D6E64693A42504D4E456467653E0A2020202020203C62706D6E64693A42504D4E456467652062706D6E456C656D656E743D22666C6F7737222069643D2242504D4E456467655F666C6F7737223E0A20202020202020203C6F6D6764693A776179706F696E7420783D223338302E302220793D223338382E30223E3C2F6F6D6764693A776179706F696E743E0A20202020202020203C6F6D6764693A776179706F696E7420783D223230372E302220793D223338382E30223E3C2F6F6D6764693A776179706F696E743E0A20202020202020203C6F6D6764693A776179706F696E7420783D223230372E302220793D223236392E30223E3C2F6F6D6764693A776179706F696E743E0A20202020202020203C6F6D6764693A776179706F696E7420783D223230372E302220793D223138382E30223E3C2F6F6D6764693A776179706F696E743E0A20202020202020203C6F6D6764693A776179706F696E7420783D223338302E302220793D223138382E30223E3C2F6F6D6764693A776179706F696E743E0A20202020202020203C62706D6E64693A42504D4E4C6162656C3E0A202020202020202020203C6F6D6764633A426F756E6473206865696768743D2231362E30222077696474683D2233322E302220783D223231312E302220793D223236312E30223E3C2F6F6D6764633A426F756E64733E0A20202020202020203C2F62706D6E64693A42504D4E4C6162656C3E0A2020202020203C2F62706D6E64693A42504D4E456467653E0A202020203C2F62706D6E64693A42504D4E506C616E653E0A20203C2F62706D6E64693A42504D4E4469616772616D3E0A3C2F646566696E6974696F6E733E, '0');
INSERT INTO `act_ge_bytearray` VALUES ('15003', '1', 'LeaveBean.png', '15001', 0x89504E470D0A1A0A0000000D49484452000004E30000025A0802000000E26F140D000034AE49444154789CEDDD7F6C5DE75D3F706B6BA95751D588410C027A077FD412D0586C52F217758A688C04CC12D362F6476669624B35312A84860BEA82584384D888D05675B0150BD42F46535A4B6B8B599B614ADA99364DD376D9BCB659BDA5E9EE9AA6BD2549739BD8F1F99ED8777777FE79FD23CFF3F49ED74B1F45F7C7B9C7CFB9E7B9F77CDE39D7BE6D19000000A4A42DF600000000E0C748AA000000A44552050000202D922A000000699154010000488BA40A0000405A2455000000D222A902000090164915000080B448AA000000A44552050000202D922A000000699154010000488BA40A0000405A2455000000D222A902000090164915000080B448AA000000A44552050000202D922A000000699154010000488BA40A0000405A2455000000D222A902000090164915000080B448AA000000A44552050000202D922A000000699154010000488BA40A0000405A2455000000D222A902000090164915000080B448AA000000A44552050000202D922A000000699154010000488BA40A0000405A2455000000D222A902000090164915000080B448AA000000A44552050000202D922A000000699154010000488BA40A0000405A2455000000D222A902000090164915000080B448AA000000A44552050000202D922A000000699154010000488BA40A0000405A2455000000D222A902000090164915000080B448AA000000A44552050000202D922A000000699154010000488BA40A0000405A2455000000D222A902000090164915000080B448AA000000A44552050000202D922A000000699154010000488BA40A0000405A2455A0B8AAD5EAC8C8C8EEDDBBFBFAFA7A7EA8B7B737BF657878B852A9C41E2000404149AA4011E501354FA4EDEDED7946CD73E9FEFDF73E7CE06B7375FF030FDE7EFBA7FAFBFB3B3A3AB66EDD3A3434147BB000008523A902C572E4C8919E9E9E3CA0E689F4C2D4F4F275F0D1C776EEFC707777F7D8D858EC8103001488A40A14C8DEBD7BF3D8F9F081AFAD98511BEBD093876FBCF1C65DBB7655ABD5D85B00005008922A500879C8ECEFEF1F1C1C5C55466DACCFDF79674F4F4FB95C8EBD290000AD4F52055A5F1E53B76EDD3A3C3CBCE6985AFF3070BE9EC9C9C9D81B0400D0E22455A0F5F5F7F7AF3FA6D63F099C87551F030600B8AC2455A0C5EDDDBB773D1FFA5D58FBF7DFDBD7D7177BB300005A99A40AB4B223478E7477776F604C9DAB8F7EF46377DD7557EC8D03006859922AD0CAF2987AE8C9C31B9E548FBF74E2BAEB4A3E030C00709948AA40CB1A1919E9EBEBDBF0983A579FF8C49FECDBB72FF6260200B426491568593D3D3DABFDEAD4559D56EDECEC8CBD890000AD4952055A53A552E9E8E8B84C3175AEB66CD9323E3E1E7B4301005A90A40AB4A6A1A1A1818181CB9A54EFD8B367707030F6860200B4204915684DBB76EDBAEBAEBB2E6B527DF8C0D77A7A7A626F2800400B925481D6D4DBDB7BFF030F5ED6A4FAC2B163D75D578ABDA100002D4852055AD365FA7E9AC63A7DE66C7B7B7BEC0D05006841922AD09A3A3B3B8FBF74E2B226D5BCDADABC8B02006C3C3D16D09ABABABABE71F4A8A40A00F076A4C7025AD365FD3255BFA70A00705949AA406B1A1818F8D2DD775FD6A47AF0D1C7B66CD9127B4301005A90A40AB4A67DFBF67DE2137F7259936A9E8477EEFC70EC0D05006841922AD09A2627274BA5D2654DAADBB76F1F1D1D8DBDA100002D4852055AD665FDA34AA7CF9CEDE8E8A856ABB1B71200A00549AA40CBBAAC1F00FECC673F9BAF3CF6260200B42649156859D56AB5542A5D8E6F553D7DE6EC75D795CAE572EC4D0400684D922AD0CA8687873FB8638713AA00006F2F922AD0E27EFFFDEFDFBFFFDE0D8CA9DF387A74F3E6CDA7CF9C8DBD6500002D4B52055A5CA552D9B265CB46FD69A593AF9ECA63EA0BC78EC5DE2C00805626A902AD6F6262220FAB79BC5C7F4CFDFDF7BFFFFE071E8CBD4100002D4E52050AE1C891239B376F3EF8E863EBF9D06F1E77C5540080002455A0282A95CA8D37DE78FBED9F3AF9EAA95565D4D367CE7EE6B39F9DFB0871EC8D00002804491528906AB59A27D5EBAFEFCA93679E3F9B89A95FBAFBEE7CF94F7CE24FF27C1B7BF800004521A90285532E976FBDF5D68E8E8EDF7FFFFBF3207AE8C9C3F3D2697ECB3DF7FCBF0FEED8912FB373E787272727630F1900A0582455A0A0AAD5EAC8C8C8C0C0C0E6CD9BDB7E5C7E4B1E538787872B954AEC6102001491A40A5093A7D6D8430000E0124915A0A6ADCD5B22004012B4650035922A004022B4650035922A004022B4650035922A004022B4650035922A004022B4650035922A004022B4650035922A004022B4650035922A004022B4650035922A004022B4650035922A004022B4650035922A004022B4650035922A004022B4650035922A004022B4650035922A004022B4650035922A004022B4650035922A004022B4650035922A004022B4650035922A004022B4650035922A004022B4650035922A004022B4650035922A004022B4650035922A004022B4650035922A004022B4650035922A004022B4650035922A004022B4650035922A004022B4650035922A004022B4650035922A004022B4650035922A004022B4650035922A004022B4650035922A004022B4650035922A004022B4650035922A004022B4650035922A004022B4650035922A004022B4650035922A004022B4650035922A004022B4650035922A004022B4650035922A004022B4650035922A004022B4650035922A004022B4650035922A004022B4650035922A004022B4650035922A004022B4650035922A004022B46540A10D0F0FE701B5BDBDBDBBBB3BBFD0D9D999FF7BF5D5574F4C4CC41E1A00407149AA40A1DD77DF7D6D0B6CDBB66D646424F6D000008A4B52050AAD5AAD5E75D5558D31F5861B6EE8ECECAC542AB1870600505C922A5074B7DD76DB15575C514FAAB7DC72CBE0E060EC410100149AA40A906DDAB4692EA6EED8B1A3542A55ABD5D823020028344915207BE49147AEBCF2CA3CA9F6F6F6FA0D550080E82455804B6EBAE9A6B9A41A7B20000048AA00B3CAE5729E547D390D00400A2455809A3CA9C61E0200009768CB80C8AAD5EAF0F0707F7F7F4F4F4FA9545AF8EDA605916F7BFE0CF4F5F50D0D0DF98E1C00A0E0245520A6D1D1D13CA1E531F59E7BEE79F8C081178E1DBB303555CCCAB73D7F06F6EFDFBF73E7CEFC39C9F36AEC9D0300108DA40AC451A954060606B66FDF7EFCA5E317A62EA8C63AF9EAC93CAFE64F4EB95C8EBDA300002290548108F298DADDDDFDA5BBBF7861EABC5AAAEE7FE0FE2D5BB64C4E4EC6DE5D0000A149AA4004030303B331F52DB57C3D7CE0A11B6FFCCDD8BB0B0020344915086D747474FBF69BA7A6ABAA99FAE49FFFD99E3D9F8EBDD3000082925481A0AAD56AA9547AE9C4E4D4F439D54C9D39FBFAE6CD37F8A25700A050245520A8A1A1A1818181A9E937EBB5ADF7779BFC1E97C64715AAF6ECF9EBC1C1C1D8BB0E00201C491508AAAFAF6FFFBDFFFEA3987AF3F6EF67D9772F66CF4F65DF3C9F3D7D3E3B74667ADFBD5FFBEA89371EBF90FD6F357BBC9A1D7C337BE8ADEC1F0E3EFBD15D1F8B1E1AA3D49387C7BBBBBB63EF3A008070245520A8AEAEAEA3479F9A9A3E3B576D6D6D67B2ECEC4CF6C674F6DA85ECCD2CFBD3BFF854DB3B7E72EBCD7D27A6B2E3E7B3E36F6593D5EC85E9ECCB5F7F7AF6B4EAD902D699B3A7DADBDB63EF3A008070245520A88E8E8E574F9D989A3E335779F87CF36276FEE2A5BBA6672EFDFB9507FFF3E77FE5D7FEF28ECF4C67D9E9E9EC8DA9ECB5A9AC92650F3DF1CC6C523D53CCCAB73DEE8E03000849EB0304359B364FD72BBF7A763A3B752EBB70B1B640A552F9FBCF7DE1D37FF7B9E32F97F3AB5333D985D904FBD8934FCF7B6CA14A5205000A45EB0304359B36FFAF5E9792EAC5ECE49BD90FCE64535976E1FCF9AEEBAF6F6B7B675B5BFB07FE7067E3030F1D7E6ADE630B55922A0050285A1F20A8D9B4F946BDE63EFD7BEA5CF6F2E9EC95B7B24347BFB369D3A6775EF113EFBAF6DDFD1FFAB1A4FAC49387E73DB65025A9020085A2F501829A4D9B957AE557CFCD64AF552F9D533DF95676E089895FDFFCDE77FFCCCF5EDBF1535FF8972FBF956567CE676F9EBFF4C083E34FCC7B6CA14A5205000A45EB03049527AEE9E9D7EB3517C0F2B0FAC654F6FA85ECE5D3538F3D3BB9F937DEB7EDB77FE795F3D90FAAD92BD5ECD4F92CCFAA071F7F62DE630B55922A0050285A1F20A87969B367DB8DCF7CEBF943CF4E8C1F9978F4F0C4A34F3DF7D833C7FEEBF16F7EFDD9171F39FCDCFF1CFEF6A34F7D7BFCE9E79E7DFE7B77FEE3DD1FDCF1C1E889515205000840EB0304359B545F6BAC8F7FFC636D4DF8830F7C60DE030B55922A0050285A1F20A8D9A47A4AADB6245500A050B43E40509792EAC557D56A4B5205000A45EB0304359B544FAAD596A40A00148AD607086A36A9BEA2565B922A0050285A1F20A8D9A4FA03B5DA9254018042D1FA001B6F787878727272D1BB66936A793DB5E81A565CED9A7FEEDAD6BCFECD5CB8C2D53ED500006F5F922AB0C19E7BEEB9B9EF95B9E69A6BF6EFDF3FEFDE0D8970F5952CFA7D36CB3CA47199E5975F55E65CC378D699542B95CA873EF4A1B9F5FFDCCFFD9CB00A00B4184915D860D56AF51DEF78C75C88BAF2CA2B7FF5577FB53147CD26B7EFAFB316AE64F9D5D6EF9DBBD0B8F0A2AB5ADEFAC7B3B64DAE3F8777DD75577B7BFBDC60F20B9D9D9DE57239C29E0600B86C245560E3E5D9A931DABDEB5DEFFAC8473E9227D86C36A95EBCF8F246D5A24972D1C51A2F342EB370F979B72C7F756DE359DB96E6CFDEC4C4C42FFFF22F37AE7CEBD6ADA55229F60E0700D860922A49C833CCD8D8D8EEDDBB7B7E286FBE573CB5C5DBD4C58B2736BC96596DE30F6D1CC352E39977CBF257D7309E356F60FEBA08B68F5A52FEAE527F87C9DF6D4647472B954AEC373F006071922A91E501B5AFAFAFBDBD7DAE771CFB21BF77F7B676EDB5D7D6E341DFAC7CFF4E4C4C64B573AA2FADB9EAAB6DBCBC50E3F2F57F1B2F2CFF2356757555E359CF86E7CF5EFEBAF8ADDFFAAD5FFCC55FACAFF99A6BAEE9EEEE8EBDC3DF1EF267AFFE0E93BFDBF4F6F6767474E43373646424F6D00080F92455A22997CB732737B4892DA652A9CC85A8AEAEAE3FFAA33FCAFF1D1E1EAEDF3B1BDB8EAFB356BB92FAF2CD3C70C55373EB1FCFDA36B9FE1C8E8E8E5E77DD75BFF00BBF30379EABAEBA6AEE93D5ACC1DC7F96E5697FEE7F5200804448AAC491B7DA7980C97BC4D80361E37DF7BBDF6D6F6FEFEDED2D954A838383F33E60391BEABEB7CEAAAF648924B9F2F2F32E2FBA703357D7369EB56D72E3D39847D3DDBB77FFD22FFD521EB1F27F8F1C39127627B79AFC09CC9FC9C6FF520100E2925489606464A4A7A7C76F88B5B07C170F0D0D2DFA11EE0D4FAACBE7CC6596AFE7D58D4DAACD8C67FD49754EFE0CE7CFB34F256C883CFCF7F7F7E7CF67EC8100009748AA8496F7D6DDDDDD626A61CD26B7EFAEB3EA2B59E21CE672CBCFBB71E1F2F36E59FEEADAC6B3B64D8EBDEB5A5F1E567B7A7AC6C7C7630F04009054096EEBD6AD1AC122BB94DC6626D759732BA9E5C0C5EE5AEAC61FA5C765175EDEFAC7B3B64D8EBDEB0A617272B2ABABCBEFFD0240745A1F821A1919E9EBEB8B3D0A629A4D6E2FAEB37E98095F5C22492EB2FCBC0B8B5E6D6699A51EB2AAF1AC6D9363EFBAA2B8F5D65BF7EDDB177B140050745A1F82EAEDED1D1D1D8D3D0A629A4D6EDF5967D557B2706D8BAE7FD1E5E72EAF389E6606BCDAF1AC6D9363EFBAA2989898E8EAEA8A3D0A00283AAD0FE194CBE5CECECED8A320B2D9E4766CA3AA716D0DE730975C6CE185799797FF111B359EB56D69EC5D57207E490100A2D3FA108E8FFE92D592EA0B6AB525A986E403C000109DD68770347F64B5A4FABC5A6D49AA21F96F3500884EEB43383D3D3D636363B147416492AAA49A3EBFAA0A00D1697D08C7AF7E91CD26D59999E7D46A4B520D697272B2542AC51E0500149AD68770F2CE2FEFFF628F82C86693EAB7D56A4B520DCC130E00713912134E474747A552893D0A229B4DAA136AB5253805E6090780B81C890947E747564BAADF52AB2D2F9FC03CE10010972331E1E8FCC8B5B7B79F3BF7D4CCCC37D5AACACB27304F3800C4E5484C383A3FB2D95F577EF1C5AFCECC1C55AB2A2F9FC03CE10010972331E1E8FCC8F5F6F6FEC7E85D33D93754F3F5AD89AFF8D294C0BC5F01405C8EC484A3F323B777EFDEC1C18F44CF7E6FAFFAE7A13B06060662EFBA62F17E0500713912138ECE8F6CF69B2ABBBADE73AE7A68267B5635597D7D378D8C8CC4DE75C5E2FD0A00E27224261C9D1F73765FB26B267B463553FF36FCB7FDFDBDB1775AE178BF0280B81C890947E7C79C6AB5DAD3F3BEF1F17FCDB2A7D5F2552E1FE8EA7A4FA57230F64E2B1CEF570010972331E1E8FCA89B9898E8EEBE7E626224CB8EA8A52A8FA979A41F1BFB62ECDD5544DEAF00202E4762C2D1F9D1687C7C3C0FAB7BF7FE71963DA516D6C8C867BBBA4A6363FF147B471594F72B0088CB919870747ECC53AD560707077A7ADE3B34F457E5F243597658552AFF3D3CFC37FDFDDBFBFA7AF2CBB177517179BF0280B81C890947E7C7A2C6C6C606067EAFB3F3A7DB686BEBE8B8A6BFFFE63CACC6DE2D45D7E6FD0A00A27224261C9D1F89F39DA5D479BF0280B81C890947E747E24C51EA4C060088CB919870747E24CE14A5CE640080B81C890947E747E24C51EA4C060088CB919870747E24CE14A5CE640080B81C890947E747E24C51EA4C060088CB919870747E24CE14A5CE640080B81C890947E747E24C51EA4C060088CB919870747E24CE14A5CE640080B81C890947E747E24C51EA4C060088CB919870747E24CE14A5CE640080B81C890947E747E24C51EA4C060088CB919870747E24CE14A5CE640080B81C890947E747E24C51EA4C060088CB919870747E24CE14A5CE640080B81C890947E747E24C51EA4C060088CB919870747E24CE14A5CE640080B81C890947E747E24C51EA4C060088CB919870747E24CE14A5CE640080B81C890947E747E24C51EA4C060088CB919870747E24CE14A5CE640080B81C890947E747E24C51EA4C060088CB919870747E24CE14A5CE640080B81C890947E747E24C51EA4C060088CB919870747E24CE14A5CE640080B81C890947E747E24C51EA4C060088CB919870747E24CE14A5CE640080B81C890947E747E24C51EA4C060088CB919870747E24CE14A5CE640080B81C890947E747E24C51EA4C060088CB919870747E24CE14A56E5593C1CC01800DE7E04A389A3912678A52D73819DA7EDCA20B2C7CF88A026C0500BC7D3952128ECE8CC499A2D42D35191606D445975C712E996C00B03C474AC2D19991385394BA799361D153A90BAFAE787BF30B0040C13952128ECE8CC499A2D43593549B39A7BAD4877E4D3600589E2325E1E8CC489C294ADD8A4975C5DF536D723D00C0A21C290947674682868787F399D9DEDEDEDDDD9D5FE8ECECCCFFBDFAEAAB272626620F8D98D699302555005827474AC2D19991A0FBEEBB6FE1E733B76DDB363232127B68C4B43061CEFB04AF73AA0070593952128ECE8C0455ABD5ABAEBAAA3184DC70C30D9D9D9D954A25F6D0886999F72B4915000270A4241C9D1969BAEDB6DBAEB8E28A7A52BDE5965B060707630F8AC8564CAAD9629175D165FC4525005803474AC2D19991AC4D9B36CDA5881D3B76944AA56AB51A7B4444B6E869D266CEA62E7F7BF30B0040C13952128ECE8C643DF2C823575E79653E457B7B7BFD862AD98238BA683A6DE69C6A33EB07001672A4241C9D1929BBE9A69BE6926AEC819084F5FF9EEA8A2ED3C801A0353852128ECE8C9495CBE57C8AFA721AE62C75A674A9F3A84BFDE5A455AD1F00A873A4241C9D19893345A9331900202E4762C25955E7A74D2C8E6AB53A3C3CDCDFDFDFD3D3532A959AF9D8644BCAB73D7F06FAFAFA8686867C474E746DDE8200202A4762C2695BF0174AEA165D60E1C35714602BD858A3A3A37942CB63EA3DF7DCF3F081032F1C3B76616AAA98956F7BFE0CECDFBF7FE7CE9DF97392E7D5D83BA7D0BC9F00405C8EC484B354E7B730A02EBAE48A8DA3CEF2EDA552A90C0C0C6CDFBEFDF84BC72F4C5D508D75F2D593795ECD9F9C72B91C7B471594F7130088CB919870DA96F88B234BDDBEFCC3D7B000E9C8636A7777F797EEFEE285A9F36AA9BAFF81FBB76CD9323939197B771591F7130088CB9198709A49AACD9C535DEA43BF3ACBB791818181D998FA965ABE1E3EF0D08D37FE66ECDD5544DE4F00202E4762C25931A9AEF87BAA4DAE87C48D8E8E6EDF7EF3D4745535539FFCF33FDBB3E7D3B1775AE1783F0180B81C8909679D0953526D0DD56AB5542ABD7462726AFA9C6AA6CE9C7D7DF3E61B7CD16B60DE4F00202E4762C2599830E77D82D739D522181A1A1A1818989A7EB35EDB7A7FB7993FEC9C6B7C54A16ACF9EBF1E1C1C8CBDEB8AC5FB0900C4E5484C38CB747E926A71F4F5F5EDBFF7DF7F14536FDEFEFD2CFBEEC5ECF9A9EC9BE7B3A7CF6787CE4CEFBBF76B5F3DF1C6E317B2FFAD668F57B3836F660FBD95FDC3C1673FBAEB63D14363947AF2F078777777EC5D572CDE4F00202E4762C25931A9668B45D64597F11795DEBEBABABA8E1E7D6A6AFAEC5CE57BED4C969D9DC9DE98CE5EBB90BD99657FFA179F6A7BC74F6EBDB9EFC45476FC7C76FCAD6CB29ABD309D7DF9EB4FCF9E563D5BC03A73F6547B7B7BEC5D572CDE4F00202E4762C259F4346933675397BFBDF90548414747C7ABA74E4C4D9F99AB7CAFBD79313B7FF1D25DD33397FEFDCA83FFF9F3BFF26B7F79C767A6B3ECF474F6C654F6DA5456C9B2879E786636A99E296699DE8179C201202E4762C2991747174DA7CD9C536D66FD246B366D9EAE577EF5EC7476EA5C76E1626D814AA5F2F79FFBC2A7FFEE73C75F2EE757A766B20BB309F6B1279F9EF7D84295E91D98271C00E27224269CF5FF9EEA8A2ED3C8D940B369F3FFEA7529A95ECC4EBE99FDE04C36956517CE9FEFBAFEFAB6B677B6B5B57FE00F77363EF0D0E1A7E63DB650657A07E6090780B81C890967A933A54B9D475DEA2F27AD6AFDA466366DBE51AFB94FFF9E3A97BD7C3A7BE5ADECD0D1EF6CDAB4E99D57FCC4BBAE7D77FF877E2CA93EF1E4E1798F2D5499DE8179C201202E4762C2D1F991D5926AA55EF9D57333D96BD54BE7544FBE951D7862E2D737BFF7DD3FF3B3D776FCD417FEE5CB6F65D999F3D99BE72F3DF0E0F813F31E5BA8F2F209A95C2E777676C61E0500149AD68770B4DA64B3D3607AFAF57ACDCD8A3CACBE3195BD7E217BF9F4D463CF4E6EFE8DF76DFBEDDF79E57CF6836AF64A353B753ECBB3EAC1C79F98F7D84295974F48939393A55229F62800A0D0B43E84A3D5265B90547BB6DDF8CCB79E3FF4ECC4F89189470F4F3CFAD4738F3D73ECBF1EFFE6D79F7DF191C3CFFDCFE16F3FFAD4B7C79F7EEED9E7BF77E73FDEFDC11D1F8C9E1825D522181D1DEDEDED8D3D0A002834AD0FE168B5C96A49F5B5C6FAF8C73FD6CC9FCBFA830F7C60DE030B555E3E21ED9E157B140050685A1FC2D16A93D592EA29B5DAF2F209A9B7B777747434F62800A0D0B43E84A3D5269B4BAA175F55AB2D2F9F60CAE572A954AA56ABB107020085A6F5211CAD36592DA99E54AB2D2F9F60F6EDDB77EBADB7C61E0500149DD68770B4DA64B5A4FA8A5A6D79F98451AD564BA552B95C8E3D1000283AAD0FE168B5C96A49F5076AB5E5E513C6C0C0C0D0D050EC510000922A0169B5C96A49B5BC51D5E4DA162EB6E60736BFD8866F69EC5DD7FAF6EDDBB76BD7AED8A300002ED1FA108E569B6CA3936A338170E117DE2CBC719D61B5BE4CE3C292EADB48B55A1D1818105301201D5A1FC2D16A93D592EAF7D7532B7EF3EABC85175E5E78A1F9952FFC114BAD70FD5B3AEF47C4DE75ADA952A9ECDBB7AF542AF9D02F002445EB43385A6DB2D96970F1E2CB1B58AB5DE1F2CB37B3B6C6651AE3EBC2BBD636C2A57E68EC5DD752C6C6C6F6EEDDDBD7D79767D45B6FBDD59F500280D4687D0847AB4D564BAA2736B0965F6193E748D7BCFE79CB342E3C7779A3B6375F4F4F4F4F939BC38AF227737070706464A452A9C47E4D00008B901C08A74D52A596545FDAC05A7E85CDFCB879CBAC1872965943E3324B2DBCE6CD8CBDEB0000C2D1FA108E569BAC96548F6F6035B3C2A533E7CA2B5CFEEABC1B1BEFDDD82DF5F201000A45EB43385A6DB25A52FDDE3A6BD9139E8B2FDFE48D0B6F5FFE6AE378E6DDBB215BDAB8B6D8BB0E00201CAD0FE168B5C93628A93613389B49B6AB8DC10B1F35EF464915006043687D0847AB4D564BAADFDDC06A6685ABFAA1F3165EFEEABC1B1BEFDDD82DF5F201000A45EB43385A6DB2B9A43A33B981D5CC0A973B41BAD20A97BF3AEFC6C67B37764BBD7C008042D1FA108E569BAC96545FDCC06A66854B2DB3E8ED2B7FFA77E9F5CC5D68FCB7C91136B309B1771D0040385A1FC2D16A93D592EA7736B09A59E1B2B17385152E7F75DE8D8DEB5C78619D9B197BD7010084A3F5211CAD36592DA91E5B73AD78C2F3875971FEA3965A5B333FB199F12CBAF052E359DB86C7DE750000E1687D0847AB4D564BAA2FA8D596970F0050285A1FC2D16A93D592EAF36AB5E5E50300148AD68770B4DA6492AAA40A00D004AD0FE168B5C966A7C1CCCC736AB5E5E50300148AD68770B4DA64B5A4FA6DB5DAF2F201000A45EB43385A6DB25A529D50AB2D2F1F00A050B43E84A3D526AB25D56FA9D596970F0050285A1FC2D16A936B6F6F3F77EEA999996FAA5595970F0050285A1FC2D16A932B954A2FBEF8D59999A36A55E5E50300148AD68770B4DAE47A7B7BFF63F4AE99EC1BAAF9FAD6C457BABABA62EF3A0080702407C29154C9EDDDBB7770F023D1B3DFDBABFE79E88E818181D8BB0E00201CC981702455729393935D5DEF39573D34933DAB9AACBEBE9B46464662EF3A0080702407C2915499B3FB925D33D933AA99FAB7E1BFEDEFEF8DBDD3000082921C084752654EB55AEDE979DFF8F8BF66D9D36AF92A970F7475BDA75239187BA70100042539108EA44ADDC4C44477F7F51313235976442D55794CCD23FDD8D81763EF2E0080D02407C2915469343E3E9E87D5BD7BFF38CB9E520B6B64E4B35D5DA5B1B17F8ABDA3000022901C084752659E6AB53A3838D0D3F3DEA1A1BF2A971FCAB2C3AA52F9EFE1E1BFE9EFDFDED7D7935F8EBD8B0000E2901C08475265516363630303BFD7D9F9D36DB4B575745CD3DF7F731E5663EF160080982407C2699354499BEF2C05004884E44038922A893345010012A12D231C3180C499A2000089D096118E1840E24C5100804468CB08470C2071A628004022B46584230690385314002011DA32C21103489C290A0090086D19E1880124CE1405004884B68C70C40012678A020024425B46386200893345010012A12D231C3180C499A2000089D096118E1840E24C5100804468CB08470C2071A628004022B46584230690385314002011DA32C21103485C7D8A2E3A579B9CC0CBAF0400806668A40847E34EE21686CCC649BBD4049E777B330F01006079BA28C2D1B593B8B525D5A596070060CD345584A38927716D3F2E5B22A92E9CC98D772D2AC8F001005A87FE8970F4EB24AE9973AACB9F59F5D15F00800DA191221C8D3B895B34A9369E5F5DF103C0922A00C086D048118EC69DC4ADF9F7541B97F1D15F0080F5D342118E969DC4CD3B959A359D54D79C6C01005894468A7034EE246EE18950491500200A8D14E168DC49DCDA3EFD3B6F199FFE0500583F2D14E168D949DC8624D51597070060451A29C2D1B893B8A592EABCDF595D268E4AAA00001B422345381A7712B7D4B7D42C756FB65852F501600080F5D33F118E7E9DC42DFF17951A1758660D9777880000C5A0A9221C4D3C893345010012A12D231C3180C499A2000089D096118E1840E24C5100804468CB08470C2071A628004022B46584230690385314002011DA32C21103489C290A0090086D19E1880124CE1405004884B68C70C40012678A020024425B46386200091A1E1ECE67667B7B7B7777777EA1B3B333FFF7EAABAF9E9898883D340080E2921C0847522541F7DD775FDB02DBB66D1B1919893D340080E2921C0847522541D56AF5AAABAE6A8CA937DC7043676767A552893D340080E2921C084752254DB7DD76DB15575C514FAAB7DC72CBE0E060EC410100149AE44038922AC9DAB469D35C4CDDB16347A954AA56ABB147040050689203E148AA24EB91471EB9F2CA2BF329DADBDBEB37540100A2931C084752256537DD74D35C528D3D10000024550292544959B95CCEA7A82FA701004881E44038922A893345010012A12D231C31804555ABD5E1E1E1FEFEFE9E9E9E52A9B4F0DB4D0B22DFF6FC19E8EBEB1B1A1AF21D390040C1490E84D326A9B2C0E8E8689ED0F2987ACF3DF73C7CE0C00BC78E5D989A2A66E5DB9E3F03FBF7EFDFB97367FE9CE47935F6CE0100884672201C499546954A65606060FBF6EDC75F3A7E61EA826AAC93AF9ECCF36AFEE494CBE5D83B0A002002C981702455EAF298DADDDDFDA5BBBF7861EABC5AAAEE7FE0FE2D5BB64C4E4EC6DE5D0000A1490E8423A952373030301B53DF52CBD7C3071EBAF1C6DF8CBDBB000042931C08475265CEE8E8E8F6ED374F4D575533F5C93FFFB33D7B3E1D7BA70100042539108EA44A36FB977E4BA5D24B2726A7A6CFA966EACCD9D7376FBEC117BD0200852239108EA44A6E6868686060606AFACD7A6DEBFDDD26BFC7A5F15185AA3D7BFE7A707030F6AE0300084772201C49955C5F5FDFFE7BFFFD4731F5E6EDDFCFB2EF5ECC9E9FCABE793E7BFA7C76E8CCF4BE7BBFF6D5136F3C7E21FBDF6AF678353BF866F6D05BD93F1C7CF6A3BB3E163D3446A9270F8F777777C7DE750000E1480E8423A992EBEAEA3A7AF4A9A9E9B37395CF8A33597676267B633A7BED42F66696FDE95F7CAAED1D3FB9F5E6BE1353D9F1F3D9F1B7B2C96AF6C274F6E5AF3F3D7B5AF56C01EBCCD953EDEDEDB1771D0040389203E148AAE43A3A3A5E3D75626AFACC5CE5B3E2CD8BD9F98B97EE9A9EB9F4EF571EFCCF9FFF955FFBCB3B3E339D65A7A7B337A6B2D7A6B24A963DF4C433B349F54C31CBCB07002814AD0FE168B5C966A7C1D4F4E97AE557CF4E67A7CE65172ED616A8542A7FFFB92F7CFAEF3E77FCE5727E756A26BB309B601F7BF2E9798F2D5479F9000085A2F5219CF6F6F66AB51A7B1444369B36FFAF5E9792EAC5ECE49BD90FCE64535976E1FCF9AEEBAF6F6B7B675B5BFB07FE7067E3030F1D7E6ADE630B55922A0050285A1FC229954A939393B1474164B369F38D7ACD7DFAF7D4B9ECE5D3D92B6F65878E7E67D3A64DEFBCE227DE75EDBBFB3FF46349F589270FCF7B6CA14A5205000A45EB4338DDDDDD478E1C893D0A229B4D9B957AE557CFCD64AF552F9D533DF95676E089895FDFFCDE77FFCCCF5EDBF1535FF8972FBF956567CE676F9EBFF4C083E34FCC7B6CA14A5205000A45EB43383D3D3D636363B147416479E29A9E7EBD5E73012C0FAB6F4C65AF5FC85E3E3DF5D8B3939B7FE37DDB7EFB775E399FFDA09ABD52CD4E9DCFF2AC7AF0F127E63DB65025A9020085A2F5219C818181A1A1A1D8A320B27969B367DB8DCF7CEBF943CF4E8C1F9978F4F0C4A34F3DF7D833C7FEEBF16F7EFDD9171F39FCDCFF1CFEF6A34F7D7BFCE9E79E7DFE7B77FEE3DD1FDCF1C1E889515205000840EB4338794CCDC36AEC5110D96C527DADB13EFEF18FB535E10F3EF081790F2C5449AA0040A1687D08676262A2ABAB2BF628886C36A99E52AB2D4915002814AD0F41F9A34A5C4AAA175F55AB2D4915002814AD0F41EDDBB7EFD65B6F8D3D0A629A4DAA27D56A4B5205000A45EB4350D56AB5542A95CBE5D803219AD9A4FA8A5A6D49AA0040A1687D086D6C6CACA7A727F628886636A9FE40ADB6245500A050B43E44B07BF76E9F012EACD9A45A5E676DC84A36F0072DBAD8C60E525205000A45EB431C838383BDBDBD954A25F640086DC393EAC2EFB359FE81AB5ABEC9C0595F66DEC024550080B5D1FA10CDE8E868A954DABD7BB75F5B2D94D9FCF6FDF5547D0D0B57B5E82D0D897491C7CE7B4833DFECBACCCF6DBC6BFD5B3AEF47C4DE750000E1687D88A952A9E44935CFABBDBDBDF985B1B1B1D823E2B2CB13D7C58B2FAFA7EA6B98B7AA65D6BCF0216B58C9A2CB34C6D7857735BFCE667E68EC5D0700108ED687F8AAD5EAE8E8689E547B7A7A9A3CA3C5DBDAC58B27D65C4BAD67EEEA522BAFDFBE86F13433E0C6F53739A4356C78EC572A0040385A1F20A8D9E4F6D2FAAB713D4B5D5E78E332171A175E29692FB7FEFA324B2DBCE6ED8DBDEB0000C2D1FA0041CD86B7E3EBACC6952C5CE1BC7B1BD2E38FEE5A7861A9152E7F7599B56DC89636AE2DF6AE03000847EB0304359BDFBEB79E6A5C43936BAB2FB6C439D225D7BFE2D5C6D5AE6D6CCD6F75EC5D0700108ED607086A9DF96D61C85C31792E1A1A9719C6721FFC5DB0FE79374AAA00001B42EB0304359BDFBE7B396A99352FBCABF98597BF3AEFC6C67B37764B255500A050B43E405097F2DBCCE4E5A865D65C3BEDF9C30BF3CF912EBB9EE5AFCEBBB1F1DE8DDD524915002814AD0F10D46C7E7B71FDF5C390F963B734B3D8320B373E64B94FFF2EBDB6B90B8DFF2EFFB356B5BDB1771D0040385A1F20A8D9D8F69D3557435C5CE4AE55ADA7C9BB96BF3AEFC6C6B12DBCB0CE0D8FBDEB0000C2D1FA0041CDC6B6631B554B9FF65CC5C2CB0F69C57B1BD7306FE166D6DFFC96C6DE750000E1687D80A06663DB0B6AB525A9020085A2F501829A4DAACFABD596A40A00148AD607084A529554010056A4F50182CA13D7CCCC736AB525A9020085A2F501829A4DAADF56AB2D4915002814AD0F10D46C529D50AB2D4915002814AD0F10D46C52FD965A6D49AA0040A1687D80A0DADBDBCF9D7B6A66E69B6A5525A9020085A2F501822A954A2FBEF8D59999A36A5525A9020085A2F50182EAEDEDFD8FD1BB66B26FA8E6EB5B135FE9EAEA8ABDEB0000C2915481A0F6EEDD3B38F891E8D9EFED55FF3C74C7C0C040EC5D0700108EA40A04353939D9D5F59E73D54333D9B3AAC9EAEBBB69646424F6AE03000847520542DB7DC9AE99EC19D54CFDDBF0DFF6F7F7C6DE6900004149AA4068D56AB5A7E77DE3E3FF9A654FABE5AB5C3ED0D5F59E4AE560EC9D06001094A40A44303131D1DD7DFDC4C448961D514B551E53F3483F36F6C5D8BB0B002034491588637C7C3C0FAB7BF7FE71963DA516D6C8C867BBBA4A6363FF147B4701004420A902D154ABD5C1C1819E9EF70E0DFD55B9FC50961D5695CA7F0F0FFF4D7FFFF6BEBE9EFC72EC5D04001087A40A443636363630F07B9D9D3FDD465B5B47C735FDFD37E76135F66E010088495205A8F19DA50000899054016ADADABC25020024415B065023A9020024425B065023A9020024425B065023A9020024425B065023A9020024425B065023A9020024425B065023A9020024425B065023A9020024425B065023A9020024425B065023A9020024425B065023A9020024425B065023A9020024425B065023A9020024425B065023A9020024425B065023A9020024425B065023A9020024425B065023A9020024425B065023A9020024425B065023A9020024425B065023A9020024425B065023A9020024425B065023A9020024425B065023A9020024425B0650534FAA8B46D62673ECF22B0100A0191A29809A8521B3316D2E953CE7DDDECC430000589E2E0AA0666D4975A9E5010058334D15404DDB8FCB9648AA0BE368E35D8B0A327C0080D6A17F02A869E69CEAF267567DF41700604368A4006A164DAA8DE75757FC00B0A40A00B021345200356BFE3DD5C6657CF4170060FDB4500035F34EA5664D27D535275B000016A59102A8597822545205008842230550B3FEEF53F5E95F00800DA18502A8D990A4BAE2F20000AC48230550B354529DF73BABCBC451491500604368A4006A96FA969AA5EECD164BAA3E000C00B07EFA27809AE5FFA252E302CBACE1F20E1100A018345500357226004022B4650035922A004022B4650035922A004022B4650035922A004022B4650035922A004022B4650035922A004022B4650035922A004022B4650035922A004022B4650035922A004022B4650035922A004022B4650035922A004022B4650035922A004022B4650035922A004022B4650035922A004022B4650035922A004022B4650035922A004022B4650035922A004022B4650035922A004022B46540A10D0F0FE701B5BDBDBDBBBB3BBFD0D9D999FF7BF5D5574F4C4CC41E1A00407149AA40A1DD77DF7D6D0B6CDBB66D646424F6D000008A4B52050AAD5AAD5E75D5558D31F5861B6EE8ECECAC542AB1870600505C922A5074B7DD76DB15575C514FAAB7DC72CBE0E060EC410100149AA40A906DDAB4692EA6EED8B1A3542A55ABD5D823020028344915207BE49147AEBCF2CA3CA9F6F6F6FA0D550080E82455804B6EBAE9A6B9A41A7B20000048AA00B3CAE5729E547D390D00400A2455809A3CA9C61E0200009768CB80E2AA56AB232323BB77EFEEEBEBEBF9A1DEDEDEFC96A1A1A172B91C7B8000000525A902459407D43C9DB6ADA4BBBBFBAEBBEEF2A78001000293548162191B1BDBBA75EB8A19B551A954F20781010042925481A2A856AB0303030BCF9A7EF2937FBE7FFFBD0F1FF85ABD6EBFFD53DBB76F9FB7645F5F5FA55289BD1100008520A90285502E97E79D4AFDC427FEE48563C72E4C4D2F55275F3DF5F93BEFECECEC6C3CB97AE4C891D89B0200D0FA2455A0F54D4E4EE621B31E387B7B7B97CFA8F3F2EAEDB77FAAFED8F6F6F6F1F1F1D81B0400D0E22455A0C555ABD5C6B3A977ECD9D364466DAC7BEEF97F7946AD9F59F5678101002E2B49156871FDFDFDF598BA7FFFBD6B88A97375E8C9C31D1D1D73EBE9E9E989BD590000AD4C52055AD9C8C8C83ACFA636D6FD0F3C585FDBBE7DFB626F1C0040CB92548156D6DDDD5DFFDDD475C6D4B9AAFFCE6A6767A7EF590500B84C2455A0650D0F0FD7FF0CD2F1974E6C48523D7DE66CFDAF01DF7AEBADB1371100A03549AA40CBEAE9E9A97F21CD86C4D4B9FAD2DD77CFADB6A3A323F6260200B4264915684D954AA5FE3BA51B7542B55ED75D57FBCE9BB1B1B1D81B0A00D0822455A0350D0D0DD5FF4EEFC6C6D4BC3EFAD18FCDAD7C707030F6860200B4204915684DBB76EDDAA83FF9BBB01E3EF0B5B9956FDDBA35F6860200B4204915684DBDBDBD7361F2FE071EDCF0A4FAC2B163732B2F954AB1371400A00549AA406BAA7F3FCDA1270F6F7852CDABFE4BB0B1371400A005E9B180D654FF2E99178E1DBB1C49B5BEFED81B0A00D082F458406BEAEAEA9A4B92DF387AF47224D5F6F676491500E032D16301ADA9FE65AA0F1FF8DA86C7D493AF9EF295AA0000978FA40AB4A6818181B930F9F93BEFDCF0A4FA8DA347E756DEDDDD1D7B4301005A90A40AB4A6BD7BF7CE85C99D3B3FBCE149F58E3D7BE656DEDFDF1F7B4301005A90A40AB4A6898989FA07744F9F39BBB149F5C61B6F9C5BF9D0D050EC0D05006841922AD0B24AA5D25C9EDCBFFFDE0D8CA9F52F53CD552A95D85B0900D0822455A0650D0E0ECEE5C9CD9B376FE069D5DF7FFFFBE756DBD7D7177B1301005A93A40AB4AC4AA552FFD6D33BF6ECD990987AF0D1C7EA27548F1C39127B1301005A93A40AB4B27DFBF6CDA5CAF6F6F6F57F5DCD0BC78ED5A3EFAE5DBB626F1C0040CB92548116B775EBD6B96C9987CC3C6AAE39A69E3E7376F3E6CDF55595CBE5D85B0600D0B22455A0C54D4E4E767474D413E6A1270FAF21A61E7FE9443DA6B6B7B78F8D8DC5DE2C00805626A902AD2F0F96F55F2ECD73E6E7EFBC73B5BF9B5AFFD06F6EDFBE7DB1370800A0C549AA40218C8C8CD4CFACCEFD35E0FB1F78B09953A91FDCB1A3AD81980A001080A40A14C5C4C44457575763ECCCF3EAEDB77FEA1B478F2E0CA89FBFF3CEEDDBB7372E9C075D1FFA0500084352050AA452A9ECDEBDBBBDBDBD6D315BB66C59EAAEFEFE7E7F42090020184915289C3C730E0C0C2C9A4817EAE9E9191F1F8F3D6400806291548182AA56ABC3C3C37964EDEEEE9E974E4BA5525F5FDF5D77DDE53C2A004014922A000000699154010000488BA40A0000405A2455000000D222A902000090164915000080B448AA000000A44552050000202D922A000000699154010000488BA40A0000405A2455000000D222A902000090164915000080B448AA000000A44552050000202D922A000000699154010000488BA40A0000405A2455000000D222A902000090164915000080B448AA000000A44552050000202D922A000000699154010000488BA40A0000405A2455000000D222A902000090164915000080B448AA000000A44552050000202D922A000000699154010000488BA40A0000405A2455000000D222A902000090164915000080B448AA000000A44552050000202D922A000000699154010000488BA40A0000405A2455000000D222A902000090164915000080B448AA000000A44552050000202D922A000000699154010000488BA40A0000405A2455000000D222A902000090164915000080B448AA000000A44552050000202D922A000000699154010000488BA40A0000405A2455000000D222A902000090164915000080B448AA000000A44552050000202D922A000000699154010000488BA40A0000405A2455000000D222A902000090164915000080B448AA000000A44552050000202D922A000000699154010000488BA40A0000405A2455000000D222A902000090164915000080B448AA000000A44552050000202D922A000000699154010000488BA40A0000405A2455000000D222A902000090164915000080B4FC7F84EF2CABC8648FBB0000000049454E44AE426082, '0');
INSERT INTO `act_ge_bytearray` VALUES ('20002', '1', 'ResignationBean.bpmn', '20001', 0x3C3F786D6C2076657273696F6E3D22312E302220656E636F64696E673D225554462D38223F3E0A3C646566696E6974696F6E7320786D6C6E733D22687474703A2F2F7777772E6F6D672E6F72672F737065632F42504D4E2F32303130303532342F4D4F44454C2220786D6C6E733A7873693D22687474703A2F2F7777772E77332E6F72672F323030312F584D4C536368656D612D696E7374616E63652220786D6C6E733A7873643D22687474703A2F2F7777772E77332E6F72672F323030312F584D4C536368656D612220786D6C6E733A61637469766974693D22687474703A2F2F61637469766974692E6F72672F62706D6E2220786D6C6E733A62706D6E64693D22687474703A2F2F7777772E6F6D672E6F72672F737065632F42504D4E2F32303130303532342F44492220786D6C6E733A6F6D6764633D22687474703A2F2F7777772E6F6D672E6F72672F737065632F44442F32303130303532342F44432220786D6C6E733A6F6D6764693D22687474703A2F2F7777772E6F6D672E6F72672F737065632F44442F32303130303532342F44492220747970654C616E67756167653D22687474703A2F2F7777772E77332E6F72672F323030312F584D4C536368656D61222065787072657373696F6E4C616E67756167653D22687474703A2F2F7777772E77332E6F72672F313939392F585061746822207461726765744E616D6573706163653D22687474703A2F2F7777772E61637469766974692E6F72672F74657374223E0A20203C70726F636573732069643D2252657369676E6174696F6E4265616E22206E616D653D2252657369676E6174696F6E4265616E50726F636573732220697345786563757461626C653D2274727565223E0A202020203C73746172744576656E742069643D2273746172746576656E743122206E616D653D225374617274223E3C2F73746172744576656E743E0A202020203C757365725461736B2069643D22757365727461736B3122206E616D653D22E4B8BBE7AEA1E5AEA1E689B9222061637469766974693A666F726D4B65793D222F61637469766974696D67722F70726F636573735461736B2F676F746F52657369676E6174696F6E50726F636573735461736B44657461696C223E0A2020202020203C657874656E73696F6E456C656D656E74733E0A20202020202020203C61637469766974693A7461736B4C697374656E6572206576656E743D226372656174652220636C6173733D22636E2E626167656265796F6E642E6F612E61637469766974696D616E6167652E6C697374656E65722E446570744D616E616765725461736B4C697374656E6572223E3C2F61637469766974693A7461736B4C697374656E65723E0A2020202020203C2F657874656E73696F6E456C656D656E74733E0A202020203C2F757365725461736B3E0A202020203C757365725461736B2069643D22757365727461736B3222206E616D653D22E8B4A2E58AA1E5AEA1E689B9222061637469766974693A666F726D4B65793D222F61637469766974696D67722F70726F636573735461736B2F676F746F52657369676E6174696F6E50726F636573735461736B44657461696C223E0A2020202020203C657874656E73696F6E456C656D656E74733E0A20202020202020203C61637469766974693A7461736B4C697374656E6572206576656E743D226372656174652220636C6173733D22636E2E626167656265796F6E642E6F612E61637469766974696D616E6167652E6C697374656E65722E46696E616E6369616C5461736B4C697374656E6572223E3C2F61637469766974693A7461736B4C697374656E65723E0A2020202020203C2F657874656E73696F6E456C656D656E74733E0A202020203C2F757365725461736B3E0A202020203C757365725461736B2069643D22757365727461736B3322206E616D653D22E4BABAE4BA8BE5AEA1E689B9222061637469766974693A666F726D4B65793D222F61637469766974696D67722F70726F636573735461736B2F676F746F52657369676E6174696F6E50726F636573735461736B44657461696C223E0A2020202020203C657874656E73696F6E456C656D656E74733E0A20202020202020203C61637469766974693A7461736B4C697374656E6572206576656E743D226372656174652220636C6173733D22636E2E626167656265796F6E642E6F612E61637469766974696D616E6167652E6C697374656E65722E506572736F6E6E656C5461736B4C697374656E6572223E3C2F61637469766974693A7461736B4C697374656E65723E0A2020202020203C2F657874656E73696F6E456C656D656E74733E0A202020203C2F757365725461736B3E0A202020203C706172616C6C656C476174657761792069643D22706172616C6C656C676174657761793122206E616D653D22506172616C6C656C2047617465776179223E3C2F706172616C6C656C476174657761793E0A202020203C73657175656E6365466C6F772069643D22666C6F77312220736F757263655265663D22706172616C6C656C676174657761793122207461726765745265663D22757365727461736B31223E3C2F73657175656E6365466C6F773E0A202020203C73657175656E6365466C6F772069643D22666C6F77322220736F757263655265663D22706172616C6C656C676174657761793122207461726765745265663D22757365727461736B32223E3C2F73657175656E6365466C6F773E0A202020203C73657175656E6365466C6F772069643D22666C6F77332220736F757263655265663D22706172616C6C656C676174657761793122207461726765745265663D22757365727461736B33223E3C2F73657175656E6365466C6F773E0A202020203C706172616C6C656C476174657761792069643D22706172616C6C656C676174657761793222206E616D653D22506172616C6C656C2047617465776179223E3C2F706172616C6C656C476174657761793E0A202020203C73657175656E6365466C6F772069643D22666C6F77342220736F757263655265663D22757365727461736B3122207461726765745265663D22706172616C6C656C6761746577617932223E3C2F73657175656E6365466C6F773E0A202020203C73657175656E6365466C6F772069643D22666C6F77352220736F757263655265663D22757365727461736B3222207461726765745265663D22706172616C6C656C6761746577617932223E3C2F73657175656E6365466C6F773E0A202020203C73657175656E6365466C6F772069643D22666C6F77362220736F757263655265663D22757365727461736B3322207461726765745265663D22706172616C6C656C6761746577617932223E3C2F73657175656E6365466C6F773E0A202020203C757365725461736B2069643D22757365727461736B3422206E616D653D22E7BB8FE79086E5AEA1E689B9222061637469766974693A666F726D4B65793D222F61637469766974696D67722F70726F636573735461736B2F676F746F52657369676E6174696F6E50726F636573735461736B44657461696C223E0A2020202020203C657874656E73696F6E456C656D656E74733E0A20202020202020203C61637469766974693A7461736B4C697374656E6572206576656E743D226372656174652220636C6173733D22636E2E626167656265796F6E642E6F612E61637469766974696D616E6167652E6C697374656E65722E47656E6572616C4D616E616765725461736B4C697374656E6572223E3C2F61637469766974693A7461736B4C697374656E65723E0A2020202020203C2F657874656E73696F6E456C656D656E74733E0A202020203C2F757365725461736B3E0A202020203C656E644576656E742069643D22656E646576656E743122206E616D653D22456E64223E3C2F656E644576656E743E0A202020203C73657175656E6365466C6F772069643D22666C6F77372220736F757263655265663D22706172616C6C656C676174657761793222207461726765745265663D22757365727461736B34223E3C2F73657175656E6365466C6F773E0A202020203C73657175656E6365466C6F772069643D22666C6F77382220736F757263655265663D22757365727461736B3422207461726765745265663D22656E646576656E7431223E3C2F73657175656E6365466C6F773E0A202020203C757365725461736B2069643D22757365727461736B3522206E616D653D22E794B3E8AFB7E7A6BBE8818C222061637469766974693A61737369676E65653D22247B7573657249647D222061637469766974693A666F726D4B65793D222F61637469766974696D67722F70726F636573735461736B2F676F746F52657369676E6174696F6E50726F636573735461736B44657461696C223E3C2F757365725461736B3E0A202020203C73657175656E6365466C6F772069643D22666C6F7731302220736F757263655265663D2273746172746576656E743122207461726765745265663D22757365727461736B35223E3C2F73657175656E6365466C6F773E0A202020203C73657175656E6365466C6F772069643D22666C6F7731312220736F757263655265663D22757365727461736B3522207461726765745265663D22706172616C6C656C6761746577617931223E3C2F73657175656E6365466C6F773E0A20203C2F70726F636573733E0A20203C62706D6E64693A42504D4E4469616772616D2069643D2242504D4E4469616772616D5F52657369676E6174696F6E4265616E223E0A202020203C62706D6E64693A42504D4E506C616E652062706D6E456C656D656E743D2252657369676E6174696F6E4265616E222069643D2242504D4E506C616E655F52657369676E6174696F6E4265616E223E0A2020202020203C62706D6E64693A42504D4E53686170652062706D6E456C656D656E743D2273746172746576656E7431222069643D2242504D4E53686170655F73746172746576656E7431223E0A20202020202020203C6F6D6764633A426F756E6473206865696768743D2233352E30222077696474683D2233352E302220783D223434392E302220793D2231302E30223E3C2F6F6D6764633A426F756E64733E0A2020202020203C2F62706D6E64693A42504D4E53686170653E0A2020202020203C62706D6E64693A42504D4E53686170652062706D6E456C656D656E743D22757365727461736B31222069643D2242504D4E53686170655F757365727461736B31223E0A20202020202020203C6F6D6764633A426F756E6473206865696768743D2235352E30222077696474683D223130352E302220783D223232382E302220793D223236382E30223E3C2F6F6D6764633A426F756E64733E0A2020202020203C2F62706D6E64693A42504D4E53686170653E0A2020202020203C62706D6E64693A42504D4E53686170652062706D6E456C656D656E743D22757365727461736B32222069643D2242504D4E53686170655F757365727461736B32223E0A20202020202020203C6F6D6764633A426F756E6473206865696768743D2235352E30222077696474683D223130352E302220783D223431342E302220793D223236382E30223E3C2F6F6D6764633A426F756E64733E0A2020202020203C2F62706D6E64693A42504D4E53686170653E0A2020202020203C62706D6E64693A42504D4E53686170652062706D6E456C656D656E743D22757365727461736B33222069643D2242504D4E53686170655F757365727461736B33223E0A20202020202020203C6F6D6764633A426F756E6473206865696768743D2235352E30222077696474683D223130352E302220783D223631302E302220793D223236382E30223E3C2F6F6D6764633A426F756E64733E0A2020202020203C2F62706D6E64693A42504D4E53686170653E0A2020202020203C62706D6E64693A42504D4E53686170652062706D6E456C656D656E743D22706172616C6C656C6761746577617931222069643D2242504D4E53686170655F706172616C6C656C6761746577617931223E0A20202020202020203C6F6D6764633A426F756E6473206865696768743D2234302E30222077696474683D2234302E302220783D223434362E302220793D223137332E30223E3C2F6F6D6764633A426F756E64733E0A2020202020203C2F62706D6E64693A42504D4E53686170653E0A2020202020203C62706D6E64693A42504D4E53686170652062706D6E456C656D656E743D22706172616C6C656C6761746577617932222069643D2242504D4E53686170655F706172616C6C656C6761746577617932223E0A20202020202020203C6F6D6764633A426F756E6473206865696768743D2234302E30222077696474683D2234302E302220783D223434372E302220793D223337302E30223E3C2F6F6D6764633A426F756E64733E0A2020202020203C2F62706D6E64693A42504D4E53686170653E0A2020202020203C62706D6E64693A42504D4E53686170652062706D6E456C656D656E743D22757365727461736B34222069643D2242504D4E53686170655F757365727461736B34223E0A20202020202020203C6F6D6764633A426F756E6473206865696768743D2235352E30222077696474683D223130352E302220783D223431342E302220793D223435302E30223E3C2F6F6D6764633A426F756E64733E0A2020202020203C2F62706D6E64693A42504D4E53686170653E0A2020202020203C62706D6E64693A42504D4E53686170652062706D6E456C656D656E743D22656E646576656E7431222069643D2242504D4E53686170655F656E646576656E7431223E0A20202020202020203C6F6D6764633A426F756E6473206865696768743D2233352E30222077696474683D2233352E302220783D223434392E302220793D223536302E30223E3C2F6F6D6764633A426F756E64733E0A2020202020203C2F62706D6E64693A42504D4E53686170653E0A2020202020203C62706D6E64693A42504D4E53686170652062706D6E456C656D656E743D22757365727461736B35222069643D2242504D4E53686170655F757365727461736B35223E0A20202020202020203C6F6D6764633A426F756E6473206865696768743D2235352E30222077696474683D223130352E302220783D223431342E302220793D2238312E30223E3C2F6F6D6764633A426F756E64733E0A2020202020203C2F62706D6E64693A42504D4E53686170653E0A2020202020203C62706D6E64693A42504D4E456467652062706D6E456C656D656E743D22666C6F7731222069643D2242504D4E456467655F666C6F7731223E0A20202020202020203C6F6D6764693A776179706F696E7420783D223436362E302220793D223231332E30223E3C2F6F6D6764693A776179706F696E743E0A20202020202020203C6F6D6764693A776179706F696E7420783D223238302E302220793D223236382E30223E3C2F6F6D6764693A776179706F696E743E0A2020202020203C2F62706D6E64693A42504D4E456467653E0A2020202020203C62706D6E64693A42504D4E456467652062706D6E456C656D656E743D22666C6F7732222069643D2242504D4E456467655F666C6F7732223E0A20202020202020203C6F6D6764693A776179706F696E7420783D223436362E302220793D223231332E30223E3C2F6F6D6764693A776179706F696E743E0A20202020202020203C6F6D6764693A776179706F696E7420783D223436362E302220793D223236382E30223E3C2F6F6D6764693A776179706F696E743E0A2020202020203C2F62706D6E64693A42504D4E456467653E0A2020202020203C62706D6E64693A42504D4E456467652062706D6E456C656D656E743D22666C6F7733222069643D2242504D4E456467655F666C6F7733223E0A20202020202020203C6F6D6764693A776179706F696E7420783D223436362E302220793D223231332E30223E3C2F6F6D6764693A776179706F696E743E0A20202020202020203C6F6D6764693A776179706F696E7420783D223636322E302220793D223236382E30223E3C2F6F6D6764693A776179706F696E743E0A2020202020203C2F62706D6E64693A42504D4E456467653E0A2020202020203C62706D6E64693A42504D4E456467652062706D6E456C656D656E743D22666C6F7734222069643D2242504D4E456467655F666C6F7734223E0A20202020202020203C6F6D6764693A776179706F696E7420783D223238302E302220793D223332332E30223E3C2F6F6D6764693A776179706F696E743E0A20202020202020203C6F6D6764693A776179706F696E7420783D223436372E302220793D223337302E30223E3C2F6F6D6764693A776179706F696E743E0A2020202020203C2F62706D6E64693A42504D4E456467653E0A2020202020203C62706D6E64693A42504D4E456467652062706D6E456C656D656E743D22666C6F7735222069643D2242504D4E456467655F666C6F7735223E0A20202020202020203C6F6D6764693A776179706F696E7420783D223436362E302220793D223332332E30223E3C2F6F6D6764693A776179706F696E743E0A20202020202020203C6F6D6764693A776179706F696E7420783D223436372E302220793D223337302E30223E3C2F6F6D6764693A776179706F696E743E0A2020202020203C2F62706D6E64693A42504D4E456467653E0A2020202020203C62706D6E64693A42504D4E456467652062706D6E456C656D656E743D22666C6F7736222069643D2242504D4E456467655F666C6F7736223E0A20202020202020203C6F6D6764693A776179706F696E7420783D223636322E302220793D223332332E30223E3C2F6F6D6764693A776179706F696E743E0A20202020202020203C6F6D6764693A776179706F696E7420783D223436372E302220793D223337302E30223E3C2F6F6D6764693A776179706F696E743E0A2020202020203C2F62706D6E64693A42504D4E456467653E0A2020202020203C62706D6E64693A42504D4E456467652062706D6E456C656D656E743D22666C6F7737222069643D2242504D4E456467655F666C6F7737223E0A20202020202020203C6F6D6764693A776179706F696E7420783D223436372E302220793D223431302E30223E3C2F6F6D6764693A776179706F696E743E0A20202020202020203C6F6D6764693A776179706F696E7420783D223436362E302220793D223435302E30223E3C2F6F6D6764693A776179706F696E743E0A2020202020203C2F62706D6E64693A42504D4E456467653E0A2020202020203C62706D6E64693A42504D4E456467652062706D6E456C656D656E743D22666C6F7738222069643D2242504D4E456467655F666C6F7738223E0A20202020202020203C6F6D6764693A776179706F696E7420783D223436362E302220793D223530352E30223E3C2F6F6D6764693A776179706F696E743E0A20202020202020203C6F6D6764693A776179706F696E7420783D223436362E302220793D223536302E30223E3C2F6F6D6764693A776179706F696E743E0A2020202020203C2F62706D6E64693A42504D4E456467653E0A2020202020203C62706D6E64693A42504D4E456467652062706D6E456C656D656E743D22666C6F773130222069643D2242504D4E456467655F666C6F773130223E0A20202020202020203C6F6D6764693A776179706F696E7420783D223436362E302220793D2234352E30223E3C2F6F6D6764693A776179706F696E743E0A20202020202020203C6F6D6764693A776179706F696E7420783D223436362E302220793D2238312E30223E3C2F6F6D6764693A776179706F696E743E0A2020202020203C2F62706D6E64693A42504D4E456467653E0A2020202020203C62706D6E64693A42504D4E456467652062706D6E456C656D656E743D22666C6F773131222069643D2242504D4E456467655F666C6F773131223E0A20202020202020203C6F6D6764693A776179706F696E7420783D223436362E302220793D223133362E30223E3C2F6F6D6764693A776179706F696E743E0A20202020202020203C6F6D6764693A776179706F696E7420783D223436362E302220793D223137332E30223E3C2F6F6D6764693A776179706F696E743E0A2020202020203C2F62706D6E64693A42504D4E456467653E0A202020203C2F62706D6E64693A42504D4E506C616E653E0A20203C2F62706D6E64693A42504D4E4469616772616D3E0A3C2F646566696E6974696F6E733E, '0');
INSERT INTO `act_ge_bytearray` VALUES ('20003', '1', 'ResignationBean.png', '20001', 0x89504E470D0A1A0A0000000D49484452000005270000025F08020000000278F4A50000415C49444154789CECDD7F8CDB777D3FF0D368E9AD3091698C1C432A46D3544F82C45A997AE28FE55269CD4DDAC0D210B9ED8FCED224480563A7096DD74D6DB641779A36382656850DBAD3A67E77134A6B41E932DAB25B69CBAD3FD26B4BE1681B6AE80F4CDB14774D5A37B9349FEF2736187397737CF6C79FCFF9F3793CF4D2E96C7FFCF1FBE3CF3BF1EB79B63F9F9100000000188C91A40700000000A92575030000C0A048DD000000302852370000000C8AD40D000000832275030000C0A048DD000000302852370000000C8AD40D000000832275030C56BD5E2F97CBFBF7EF2F168B133F363939195EB3B0B050ABD5921E200000032475030C4A18B6C3743D3A3A1AE6ED30631F3C78E36DB77FB559377FF996ABAFBE666A6A6ADBB66DE3E3E3F3F3F3490F1600808190BA01A2B7BCBC3C31311186ED305D9F5C3DD5B9EEBCEBEE2BAEF88342A1B0B8B898F4C001008898D40D10B1D9D9D93042DF76FB57CF99B7DBEBBEFB0FEFDAB56BDFBE7DF57A3DE92D0000203252374064C2C03C3535353333B3A9BCDD5EFF78DD75131313D56A35E94D0100201A52374034C2C83D3E3EBEB0B0D073E46E7DE03C5C4FA552497A8300008880D40D108DA9A9A9FE2377EBD3E661F0F6517300801490BA0122303B3BDBCF07CBD7D7C18337168BC5A4370B00807E49DD00FD5A5E5E2E140A1146EE667DF0831F3A70E040D21B0700405FA46E807E8591FBBEFB0F479EBA9F7CEAE9B7BF3DE773E60000434DEA06E84BB95C2E168B9147EE667DF4A37F3C373797F4260200D03BA91BA02F1313139B3D35F7A6DEEE1E1B1B4B7A130100E89DD40DD0BB5AADB66DDBB60145EE665D7AE9A54B4B4B496F2800003D92BA017A373F3F5F2A95069ABA3F71EDB5333333496F2800003D92BA017AB76FDFBE03070E0C3475DF76FB5727262692DE5000007A247503F46E7272F2E62FDF32D0D4FDF891236F7F7B2EE90D0500A047523740EF0674CEB0F67AE9D8F1D1D1D1A4371400801E49DD00BD1B1B1B7BF2A9A7079ABAC31A19F17F3500C0B0D2C901F42E9FCF7FE39147A46E000036A29303E8DD404FD6ED7BDD000029207503F4AE542A7DFEFAEB079ABAEFBCEBEE4B2FBD34E90D0500A047523740EFE6E6E63EFAD13F1E68EA0E53FD1557FC41D21B0A00408FA46E80DE552A955C2E37D0D4BD67CF9E43870E25BDA10000F448EA06E8CB400FA8F6D2B1E3DBB66DABD7EB496F2500003D92BA01FA32D00F99FFFD273F19AE3CE94D0400A0775237405FEAF57A2E971BC459BB5F3A76FCED6FCF55ABD5A437110080DE49DD00FD5A5858F8C0DEBDDEE80600603DA91B2002EF7DDFFB0E1EBC31C2C8FD8D471ED9B973E74BC78E27BD650000F445EA068840AD56BBF4D24BA33AACDA73CF1F0D23F7E3478E24BD590000F44BEA0688C6CACA4A18BCC3A8DC7FE47EEFFBDE77F3976F497A8300008880D40D1099E5E5E59D3B77DE79D7DDFD7CB03C8CEE223700406A48DD0051AAD56ABB76EDBAFAEA6B9E7BFEE8A6F2F64BC78EFFFD273FD9FC987AD21B01004064A46E8088D5EBF530755F7C713E4CD16196EE26727FFEFAEBC3E53FFAD13F0EB37AD2C30700204A5237C04054ABD5E9E9E96DDBB6BDF77DEF0B43F57DF71F5E93B4C36B6EB8E1FF7D60EFDE70992BAEF8834AA592F4900100889ED40D3040F57ABD5C2E974AA59D3B778EFCB4F09A30722F2C2CD46AB5A4870900C0A048DD00B10A1378D2430000203E523740AC4646FCC70B0090219A3F805849DD000099A2F9038895D40D0090299A3F805849DD000099A2F9038895D40D0090299A3F805849DD000099A2F9038895D40D0090299A3F805849DD000099A2F9038895D40D0090299A3F805849DD000099A2F9038895D40D0090299A3F805849DD000099A2F9038895D40D0090299A3F805849DD000099A2F9038895D40D0090299A3F805849DD000099A2F9038895D40D0090299A3F805849DD000099A2F9038895D40D0090299A3F805849DD000099A2F9038895D40D0090299A3F805849DD000099A2F9038895D40D0090299A3F805849DD000099A2F9038895D40D0090299A3F805849DD000099A2F90318B8858585306C8F8E8E160A85F097B1B1B1F0E785175EB8B2B292F4D00000182CA91B60E06EBAE9A6917576EFDE5D2E97931E1A0000832575030C5CBD5EBFE0820BDA23F78E1D3BC6C6C66AB55AD243030060B0A46E80385C75D555E79D775E2B755F79E595333333490F0A00808193BA0162B27DFBF666E4DEBB776F2E97ABD7EB498F0800808193BA016272C71D779C7FFEF961EA9E9C9CF48D6E00808C90BA01E273D96597355377D203010020265237407CAAD56A98BA9D300C00203BA46E805885A93BE9210000101FCD1F9009F57A7D6161616A6A6A62622297CBAD3F7B764684DB1E3E03C562717E7EDE79CB000062207503E977E8D0A1306D8691FB861B6EB8EDF6DB1F3F72E4E4EA6A362BDCF6F0193878F0E015575C113E2761F64E7AE70000A49CD40DA459AD562B954A7BF6EC79F2A9274FAE9E54EDF5DCF3CF85D93B7C72AAD56AD23B0A0020B5A46E20B5C2C85D28143E7FFDE74EAE9E501BD5CD5FBEF9D24B2FAD542A49EF2E00807492BA81D42A954A8DC8FDAAEA5CB7DD7EEBAE5DBF91F4EE02004827A91B48A743870EEDD973F9EAA9BAEAA6FEF4CF3E76EDB51F4F7AA70100A490D40DA450BD5ECFE5724F3D5D593DF58AEAA68E1DFFE1CE9D3B9C481C00207252379042F3F3F3A55269F5D4CBADDA3DF9DB5D9E5BABFD5E99AA6BAFFDEB999999A4771D0040DA48DD400A158BC58337FEC74F22F7E57BBE1F04DF7D2D786C35F8E689E0C113C17DC74ECDDDF8D5AF3CFDE23D2783FFAD07F7D4833B5F0E6E7D35F8873B1FFEE0BE0F251E8013A9FB0F2F150A85A4771D0040DA48DD400AE5F3F9471E7960F5D4F1668D8C8C1C0B82E3A783174F052F9C0C5E0E823FF9F36B467EE68DE397179F5E0D9E3C113CF96A50A9078F9F0ABEF0F5071B6F771FCF601D3B7E74747434E95D0700903652379042DBB66D7BFEE8D3ABA78E352B0CD22FBF169C78EDCC4DA74E9FF9F9A55BFEEB977EF99D7FF189BF3F15042F9D0A5E5C0D5E580D6A4170EBBD0F3552F7B16C56B8EDC9EE380080F4D1600129D448CE2FB52ABC78FC5470F495E0E46B3F5AA056AB7DEA339FFDF8DF7DE6C967AAE1C5D5D3C1C9461ABFFBFE07D7DC375325750300444E8305A4502339FF5FABCEA4EED782E75E0E7E702C580D8293274EE42FBE7864E4752323A3EFFFBD2BDAEF78DFE107D6DC375325750300444E8305A4502339BFD8AAE627CC8FBE123CF352F0ECABC17D8F7C67FBF6EDAF3BEFF53FFBA6374FFDFE4FA5EE7BEF3FBCE6BE992AA91B0020721A2C20851AC9B9D6AAF0E22BA78317EA67DEEB7EEED5E0F67B57DEB5F39237FFE25BDEB4EDE73FFBAF5F7835088E9D085E3E71E68E772EDDBBE6BE992AA91B0020721A2C2085C2F478EAD40F5BD50C9361F07E7135F8E1C9E0999756EF7EB8B2F3D7DEBDFB377FEBD913C10FEAC1B3F5E0E88920CCDD77DE73EF9AFB66AAA46E0080C869B080145A939C2776EF7AE85B8FDDF7F0CAD2F2CA5D8757EE7AE0D1BB1F3AF2DFF77CF3EB0F3F71C7E147BF76F8DB773DF0EDA5071F7DF8B1EF5DF74FD77F60EF07124FBF523700406A68B080146AA4EE17DAEBC31FFED048177EF7FDEF5F73C74C95D40D0010390D1690428DD47D546DB6A46E0080C869B080143A93BA5F7B5E6DB6A46E0080C869B080146AA4EEE7D4664BEA0600889C060B48A146EA7E566DB6A46E0080C869B080146AA4EE1FA8CD96D40D0010390D1690428DD45D8DB0CEB9C2B32ED0E530221F6D3F9B99F4AE0300481B0D169042F1A7EEF665CE7A4EB27ED67FD6B56D6AFD52370040523458400A3552E8F7FBA9739ED9FBAC7739E7355DAE7CFD43B42EAEFFA5C303F5B0D549EF3A0080B4D160012914A6C7D75E7BA69F5AB386CE17D7DF77BDA8C6B3FE97738E67538F92F4AE0300481B0D1690428D14FA743FB5660D9D2F76B992B3DEDABECCFA6BDA6F6A0BF06B57DEFFF6B6D693F4AE0300481B0D1690428D14FA543FB5660DE7BCF8E33CFCD4C8C6367A88350B9C75F0EB6F6D5FACFFED6DAD27E95D070090361A2C20851A29F4C97EAA4378FE71423ECB5D36FB106BEEB5FE9AF52B5FFF4B0F0FDD614849EF3A0080B4D1600129D448A1DFEBA7D6ACA1F3C535576E90D2CFB2FCC691BED3C2EBC7D0FFF6B6D693F4AE0300481B0D16904289A7EECE6B3BE7C375B3F2730675A91B00602BD0600129D448A1DFEDA7D6ACA1F3C535576EF0F6F5DA853BEBB0F23E37ADF35627BDEB0000D2468305A4D099687ABAD24F9D3B159FED2EAD3B9EF5A6B35ED37ED359AF5CBFF2FEB7AEC35627BDEB0000D2468305A45023973ED14FAD5943E78BAD2B9BD76F90D2CFB2FE8D965CFF70EB6F6A5FA6FFED6DAD27E95D070090361A2C20851A29F43B1156372B6C2DB37EE16EAEE9F2D68D1E25924D96BA010022A7C10252A811418F44589B5A61FBC26D6F5377B5C28D965F73C7EE57B8D9CD4C7AD70100A48D060B48A146047D5C6DB6A46E0080C869B080146AA4EEC7D4664BEA0600889C060B4821A95BEA0600D8223458400A85E9F1F4E947D5664BEA0600889C060B48A146EAFEB6DA6C49DD000091D3600129D448DD2B6AB325750300444E8305A45023757F4B6DB6A46E0080C869B080141A1D1D7DE595074E9FFEA6DA5449DD000091D360012994CBE59E78E22BA74F3FA2365552370040E43458400A4D4E4EFEE7A103A7836FA8EEEB5B2B5FCAE7F349EF3A0080B491BA81149A9D9D9D99F9C3C473EC70D5BFCC7FA2542A25BDEB0000D246EA0652A852A9E4F3EF78A57EDFE9E061D565158B9795CBE5A4771D0040DA48DD403AED3F63DFE9E021D54DFDFBC2DF4E4D4D26BDD300005248EA06D2A95EAF4F4CBC7B69E9DF82E041D5B9AAD5DBF3F977D46A7726BDD300005248EA06526B6565A550B87865A51C04CB6AA30A23F7C4C4BB17173F97F4EE02004827A91B48B3A5A5A53078CFCEFE51103CA0D657B9FCC97C3EB7B8F8CF49EF280080D492BA8194ABD7EB3333A589894BE6E7FFB25ABD35080EAB5AED7F1616FE666A6A4FB13811FE9EF42E02004833A91BC884C5C5C552E977C6C67E618491916DDB7E6E6AEAF2307827BD5B0000D24FEA06889573620300648AD40D10AB9111FFF102006488E60F205652370040A668FE006225750300648AE60F205652370040A668FE006225750300648AE60F205652370040A668FE006225750300648AE60F205652370040A668FE006225750300648AE60F205652370040A668FE006225750300648AE60F205652370040A668FE006225750300648AE60F205652370040A668FE006225750300648AE60F205652370040A668FE006225750300648AE60F205652370040A668FE006225750300648AE60F205652370040A668FE006225750300648AE60F205652370040A668FE006225750300648AE60F205652370040A668FE006225750300648AE60F205652370040A668FE006225750300648AE60F205652370040A668FE00066E6161210CDBA3A3A3854221FC656C6C2CFC79E18517AEACAC243D340000064BEA0618B89B6EBA69649DDDBB7797CBE5A4870600C06049DD000357AFD72FB8E082F6C8BD63C78EB1B1B15AAD96F4D00000182CA91B200E575D75D579E79DD74ADD575E79E5CCCC4CD283020060E0A46E80986CDFBEBD19B9F7EEDD9BCBE5EAF57AD223020060E0A46E8098DC71C71DE79F7F7E98BA2727277DA31B002023A46E80F85C76D965CDD49DF44000008889D40D109F6AB51AA66E270C0300C80EA91B205661EA4E7A080000C447F307109F5AAD562A959C300C00203BA46E809884617BD7AE5D9FBFFEFA898909C11B002023A46E80383423F77DF71F3EB97A2AFC297803006484D40D3070ED91BB59823700404648DD0083B53E720BDE0000D92175030CD046915BF00600C808A91B60503A476EC11B00200BA46E8081E826720BDE0000A927750344EFAC91FBEAABAF6995E00D009011523740C4367A977BA48D77BC01003242EA068852870F96774EDD823700402A49DD0091E9FC5DEE73A66EC11B00207DA46E80689CF3F069DDA46EC11B002065A46E80087473C4F22E53B7E00D009026523740BFBA3C4958F7A95BF00600480DA91BA02FDD9F977B53A95BF006004807A91BA077DD47EE1E52B7E00D0090025237408F3615B97B4BDD823700C0B093BA017AB151E4BEFAEA6B46FA13AE41F00600480DA91BA01761E4BEEDF6AFAE7F6B7A10A93BACF0B1C2E09DF4460300B0695237402F969797C3E0FDDCF3476348DDE1A384913B7CC4A4371A00804D93BA017A74D6E01D79EA16B90100869AD40DD0BB8DDEF18EEA686A223700C0B093BA01FAD27DF0DE6CEA16B901005240EA06E85797C17B53A95BE406004807A91B2002DD04EFEE5377B89EB1B1B1BFFAABBF4A7AB30000E897D40D108DEBAEBBAE73F0EE327537DFE5BEE5965B4AA5523E9F2F97CB496F190000BD93BA01FAB5BCBC1CE6E4C9C9C9CEEF787793BAD77CB07C6565A5582C160A85C5C5C544371100801E49DD00BDAB56ABA552A93D157708DEE74CDD1B7D97BB99EA434B4B4B716F210000FD91BA017A51ABD566666672B9DCFCFCFC9A9B360ADE9D53F7390F9F1606FBF1F1F162B1E8106B00004344EA06D8B4B9B9B97C3E3F3B3B5BAFD7CFBAC05983F7D5575FD3AA9E8F585E2E970B8542A954AA542A116F150000032075036C42187AC3BC3D3D3D5DAD563B2FD9FD79BC7B3849D8FCFC7C2E97EB66180000244BEA06E8CAD2D252988D8BC5E2CACA4A9777E92678F7735EEEB9B9B9307BCFCCCCD46AB51EEE0E00400CA46E8073A8542A535353E3E3E33D1C48BC73F0EE277237D5EBF5D9D9D9307BEFDFBF7FA38FBB03009020A91B6043B55A6D7A7A3A9FCF2F2C2CF4BC928D8277FF91BB7D9C61EA0EB3F7DCDC9CEC0D00B0A548DD00671166D7E6E7B723C9B1EB83778491BBA55AAD36FF46B0FEB0EA00002445EA0658AB75C8B408BF2FDD1EBC0711B95B2A954AA9540AC71F6EC520D60F00C0A648DD003FD13A27F620CECBD50CDE8F1F3932B8C8DDB2B2B2126E45A150E8E1BBE800004448EA0638238CD9614C0DF3F0D2D2D2E01E250CDBB95C6ED091BBFDE1261A06BA5100007420750359D73C645A1886E3F94876A9548AE151DAB5DEC08F2DED0300D0227503D9D53AEDD6DCDC5C6C0F3A3292CC7FBCE572B9502884997F101F9E07006023523790510B0B0B61DE9E999989F09069DD482A7537CDCFCF875B3D3D3D5DAD56131C0600407648DD40E62C2E2E160A85A9A9A9449267B2A9BBA97952B4FDFBF7C7FC170700800C4ABEF90388CDCACACAE4E4640C8710EF602BA4EEA0F1E9FA307587D97B7676B6FF13920300B0912DD1FC010C5AB55ADDB76F5F3E9F3F74E850B223D922A9BBA956ABCDCCCCC4FCCD7600804CD942CD1FC02034DFD40DF3F6810307921ECB195B2A753755ABD5E651DCE7E7E7931E0B0040DA6CB9E60F204261D2DE6A5F60DE82A9BBA952A9944AA542A110CF19D4000032628B367F007D3A74E8501820F7EDDBB7D50ED6BD655377D3F2F272B1581C1F1F5F5C5C4C7A2C000069B0A59B3F801E84B971B221C143A675B0C55377D3D2D2D244C3D67C0E010086C810347F005DAA56ABCDCF48277EC8B40E86227537354FB1562C16575656921E0B00C0B01A9AE60FA0835AADD63C0FD6D63F1ED810A5EEA672B99CCFE74BA552A552497A2C0000C367C89A3F80F5E6E6E6C25818A6EEA138EFF4D0A5EEA6F9F9F9F0499E9E9EDE6ADF930700D8E286B2F903686ABE0D3B5C5170485377D03807DBDCDCDC563B263C00C01637ACCD1F9071CBCBCB131313C3F895E3E14DDD4DCDF39F87D97B767676283E5C000090ACE16EFE800CAA542A535353854261484F6D35ECA9BBA956ABCDCCCC84D97B6E6E2EE9B100006C696968FE808C6826BD7C3EBFB0B090F4587A978ED4DD54AD56A7A7A787E22076000049494FF307A45BF31BC529F854739A527753A552699EB0AD5C2E273D1600802D276DCD1F903E61960BF3F6F4F4743A8EE095BED4DDB4BCBC5C2C16C7C7C787F493FF00000392CEE60F4887A5A5A530C585592E4D678A4E6BEA6E0A77D9444318C2931E0B00C09690E6E60F185E61CC6EBE711AA6B8A4C712B174A7EEA6C5C5C542A190B23F970000F426FDCD1F305C6AB55AF3005D69FD927016527753F3AB01A5526988CEA60E0010B9AC347FC0D657AFD7676767537F32AAECA4EEA6F9F9F9E6D7F2656F00209BB2D5FC015BD6C2C2423E9F9F999949C721D33AC85AEA0E1A7F4F999B9B0BF7EFFEFDFB53BF7F0100D6C85CF3076C35CDEF004F4D4D65E43BC0194CDD4D61DE0E5377F3B30CC37EFA370080EE65B4F903B68295959562B198B5E35D67367537B5BEB77FE0C081A4C7020010874C377F4052AAD56A18BDF2F97C5A0F99D641C65377533801F6EDDB1766EF858585A4C7020030589A3F2056F57A7DFFFEFD61DE4EF721D33A90BA5B2A95CAD4D454A150C8E01F5F0080ECD0FC01F1691ECE3AE387D492BAD7585E5E6E7ED160717131E9B10000444FF307C4E1D0A1438542C1A99B03A97B0361E40E83F7E4E464A6BEE40F006481E60F18AC30444D3648534D527707CDBFCE148BC58C1CD01E00C802CD1F3028CD236685212A8C52498F650B91BACFA95C2EE772399F8C0000D241F30744AF75666667875A4FEAEE52F32800D3D3D3B2370030D4347F40C4C2A49DCFE7C3D45DAFD7931ECB562475772F9C42737373CDE994E523F00100434DF30744E6D0A1436140DAB76F9F37273B90BA37ABF5D1893081FB530E003074347F40049697979B07A05E5959497A2C5B9DD4DD9B307B4F4F4FFBDA02003074347F405FAAD5EAD4D454A15070B2E52E49DDFD681EA22FCCDE0B0B0B498F0500A02B9A3FA047B55A6D666646FED92CA9BB7F954AA5F9B71E87C70700B63ECD1FD08BB9B9B9306FCFCECEFA9EED6649DD51699E0A7E6262C2E72C0080AD4CF3076C4EF35CCAD3D3D38E29DD1BA93B5A61E40E8377B1580C4378D2630100380BCD1FD0ADA5A5A566BCA9542A498F658849DD83502E970B85C2D4D494C909006C359A3FE0DCC2241386EDF1F1711FE5ED9FD43D380B0B0BB95CCEB9EB00802D45F30774D23C5D533E9F2F97CB498F2525A4EE413B70E0802F4100005B87E60F38BB7ABDDE3C645AF8D321D3222475C7A0357BF7EFDF2F7B0300C9D2FC0167B1B0B090CFE7BD5B380852776CC2D91BA6EE7026FBCB11009020CD1FF053161717C7C7C71D956A70A4EE9855ABD5E9E9E95C2E373F3F9FF45800802CD2FC013FB2B2B2522C16272626969696921E4BDA2C2C2C84617B7474B4502884BF8C8D8D853F2FBCF0C2F0394F7A68591166EF52A914666F4728000062267543567CF18B5F7CDBDBDE363B3BBBFEA6E69B810E99363837DD74D3C83ABB77EFF684C7AC7934FE42A170E8D0A1F5B7EEDCB9F33DEF798F6F550000D192BA2113EEB9E79E66D2BBE0820BDABFE01AFE1EE6F0E6175F131C5EEA85CF73F8CCB747EE1D3B768C8D8D097889585E5E9E9C9C9C9898683F135EB82F5ABBC67E010022247543265C74D145CD44F1AE77BDABF5FEEAFCFC7C2E979B999991316270D555579D77DE79ADD47DE5955786CF7CD283CAB4307287C1BB582C86213CBCF8A94F7DAAB96BDEF296B77CE4231F497A7400407A48DD907E9FFEF4A75B61EF0D6F78C33BDFF9CE9B6FBEB95028944AA56AB59AF4E83264FBF6EDCDBDB077EFDE5C2EE7A8DA5B41B95C0EFF2D4C4D4DB5FE32157AEB5BDFDA8CE20000FD93BA21E56AB5DAE8E8E89A6F1487D9FB6B5FFB5AD243CB9C3BEEB8E3FCF3CF0F9FFFC9C949DFE8DE522EBFFCF2F67F20AF7FFDEB2FB9E492A4070500A484D40D29572C16D71FC7EB3DEF79CFD4D454D243CBA2CB2EBBAC99BA931E083FF1B18F7D6CFDBF918B2EBAC899C600804848DD9072E3E3E3EB13C5E8E8A84491886AB51A3EFF4E18B6A5CCCCCCACFF3712FA955FF995A4870600A481D40D2977E0C0815C2EB77FFF7EDF22DE22C23897F41038875AAD16FE93716C7F0020129A3F86581823171616A6A6A6262626C26079D677ABB220DCF6E6A198E7E7E71D8D7C23664B93D9D23F73A9C95C02802E49DD0CAB43870E853D5FD8F8DE70C30DB7DD7EFBE3478E9C5C5DCD6685DB1E3E03070F1EBCE28A2BC2E7C447C7D7335BCC96A8984BE612006C96D4CDF0A9D56AA55269CF9E3D4F3EF5E4C9D593AABD9E7BFEB9B0030E9F1CA7046B325BCC96A8984BE61200F446EA66C8848D6FA150F8FCF59F3BB97A426D54377FF9E64B2FBDB452A924BDBB1266B6982D513197CC2500E899D4CD9029954A8DC6F755D5B96EBBFDD65DBB7E23E9DD9530B3C56C898AB9642E0140CFA46E86C9A14387F6ECB97CF5545D75537FFA671FBBF6DA8F27BDD31263B6982D513197CC2500E887D4CDD0A8D7EBB95CEEA9A72BABA75E51DDD4B1E33FDCB97347364F0D6DB6982D513197CC2500E893D4CDD0989F9F2F954AABA75E6ED5EEC9DFEEF20C37EDF7CA545D7BED5FCFCCCC24BDEB1260B6982D513197CC2500E893D4CDD028168B076FFC8F9F34BE97EFF97E107CF7B5E0B1D5E09B2782074F04F71D3B3577E357BFF2F48BF79C0CFEB71EDC530FEE7C39B8F5D5E01FEE7CF883FB3E94781B9A48DD7F78A9502824BDEB1260B6982D513197CC2500E893D4CDD0C8E7F38F3CF2C0EAA9E3CD1A1919391604C74F072F9E0A5E3819BC1C047FF2E7D78CFCCC1BC72F2F3EBD1A3C792278F2D5A0520F1E3F157CE1EB0F36DE743A9EC13A76FCE8E8E868D2BB2E01668BD9121573C95C02803E49DD0C8D6DDBB63D7FF4E9D553C79A15B6B32FBF169C78EDCC4DA74E9FF9F9A55BFEEB977EF99D7FF189BF3F15042F9D0A5E5C0D5E580D6A4170EBBD0F357ADF63D9AC70DB93DD7189305BCC96A8984BE61200F4C98B2243A3D1BFBED4AAF0E2F153C1D1578293AFFD68815AADF6A9CF7CF6E37FF799279FA98617574F07271B3DF1DDF73FB8E6BE99AA6CF6BE668BD9121573C95C02803E7951646834FAD7FF6BD599DEF7B5E0B997831F1C0B5683E0E48913F98B2F1E1979DDC8C8E8FB7FEF8AF63BDE77F88135F7CD5465B3F7355BCC96A8984BE61200F4C98B2243A3D1BFBED8AAE6E73C8FBE123CF352F0ECABC17D8F7C67FBF6EDAF3BEFF53FFBA6374FFDFE4FF5BEF7DE7F78CD7D3355D9EC7DCD16B3252AE692B904007DF2A2C8D068F4AFB55685175F391DBC503FF38ED373AF06B7DFBBF2AE9D97BCF917DFF2A66D3FFFD97FFDC2AB4170EC44F0F2893377BC73E9DE35F7CD5465B3F7355BCC96A8984BE61200F4C98B224323ECE14E9DFA61AB9A2D5DD8FEBEB81AFCF064F0CC4BAB773F5CD9F96BEFDEFD9BBFF5EC89E007F5E0D97A70F4441076BF77DE73EF9AFB66AAB2D9FB9A2D664B54CC25730900FAE44591A1B1A67F9DD8BDEBA16F3D76DFC32B4BCB2B771D5EB9EB8147EF7EE8C87FDFF3CDAF3FFCC41D871FFDDAE16FDFF5C0B7971E7CF4E1C7BE77DD3F5DFF81BD1F48BC07D5FBC6C96C315BA2622E994B00D0272F8A0C8D46EFFB427B7DF8C31F1AE9C2EFBEFFFD6BEE98A9CA66EF6BB6982D513197CC2500E89317458646A3F73DAA365BD9EC7DCD16B3252AE692B904007DF2A2C8D038D3FBBEF6BCDA6C65B3F7355BCC96A8984BE61200F4C98B2243A3D1FB3EA7365BD9EC7DCD16B3252AE692B904007DF2A2C8D068F4BECFAACD56367B5FB3C56C898AB9642E01409FBC2832341ABDEF0FD4662B9BBDAFD962B644C55C329700A04F5E14191A8DDEB71A5575B9B6F58BF57CC7EE178B7C4B93DE750988F639DCD40EEAE1A1CD96AD2CF2B9B4D9156E6A79730900B6202F8A0C8DF87BDFF5A7025A7F659FED6F6B99F685F5BEFDEBF339ECBC973BAC7CA39348F53F1BCD96A4C4FC3FCF4653C8FF3C0030BCBC2832341A1DE1F7FBA92E1AD99F5A78FDEFEB7FE97EE5EB1F62A315F6BFA56B1E22E95D97803E9FC3CEBB63A39577DEC566CB908AF619EE6197755EDE5C0280ADCF8B224323ECE15E7BED99086BB32BECBC7C376B6B5FA6BD215E7F536F23DCE84193DE7509E8F3A96BDF29AD9FEB9D75E79E75579A2DC32B91FF793AE467730900868E17458646A3117C3AC2EABCC20E5DEF4FB7AD3DAE7FCD32ED0B377F8F6A7BB3D9FBF6F9ECB5EF82F5AB3AE7CABB991E66CBB088F97F9E8D76716FF7359700602BF0A2C8D068F4824F45589D57D8CDC3AD59A68B88BEE11ADA97D968E19E3733E95D97803E9FC0D68ED8682F77B863FBAD1D16365B8645CCFFF39C737A984B003074BC2832341AEDE0931156372BDCB88B3DF70A3B5F5C7365FBADD16E69367BDF3E9FC3E6DDDB7FAE99121BCD93CEB3C86C1946913FC39BDD6BE75CD85C02802DCE8B2243A3D1117EAFCFEAF876D0D997EFF2CAF5D777BED83E9E35B746B2A5ED6B4B7AD725A0CFE7B07DA7ACDF35E75C79378F6EB60C8BC89FE12EA750F7FF53994B00B0C57951646844DB1176D9626E36A27776D685D70F46EFDBBFF85377F7BBDE6C192E913FC39BDD6BE7DCDDE612006C715E14191A8D8EF0BB1156372BDCD483AE59B8F3C53557B6DF1AED9666B3F7EDF3396CDEBDFDE7463BAB879960B60C97089FE16E76DC3923F48F33B3B9040043C38B2243E34C4778BA126175B3C24E5DEFB956D8F9E29A2BDB6F8D764BB3D9FB46F21C6EB4533AAF7CFDAD66CB508BF019EE6DC79DF35EE612006C715E14191A8D8EF08908AB9B156EB4CC59AF3FF7DB531BAFA7F94BFBCF2E47D8CD2624BDEB12D0FF53B7665F743973BA5FDE6C191651FDCFB37E3D9D27D2A62686B904005B9917458646A311FC4E84D5CD0A3B36B2E75861E78B6BAE6C5FE7FA5FFADCCCA4775D02FA7FEA3AEC858D56BEA9EBCD966111D513BBA9EB37B58CB904005B9C17458646A3113CD2739DF3EDA01F779F6BEFB5D1DABA79C46EC673D685371A4F6F1B9EF4AE4B40FFB3A59BBD76CEBB74BF13CD962D2B92FF797A5BA0B73D6B2E01C056E34591A1D168041F579BAD6CF6BE668BD9121573C95C02803E79516468347ADFC7D4662B9BBDAFD962B644C55C329700A04F5E14191A7A5FBD6FF7CC16B3252AE692B904007DF2A2C8D0087BB8D3A71F559BAD6CF6BE668BD9121573C95C02803E79516468347ADF6FABCD56367B5FB3C56C898AB9642E01409FBC2832341ABDEF8ADA6C65B3F7355BCC96A8984BE61200F4C98B2243A3D1FB7E4B6DB6B2D9FB9A2D664B54CC25730900FAE44591A1313A3AFACA2B0F9C3EFD4DB5A9CA66EF6BB6982D513197CC2500E893174586462E977BE289AF9C3EFD88DA5465B3F7355BCC96A8984BE61200F4C98B2243637272F23F0F1D381D7C43755FDF5AF9523E9F4F7AD725C06C315BA2622E994B00D027A99BA1313B3B3B33F387897793C355FF32FF8952A994F4AE4B80D962B644C55C329700A04F523743A352A9E4F3EF78A57EDFE9E061D565158B9795CBE5A4775D02CC16B3252AE692B904007D92BA1926FBCFD8773A78487553FFBEF0B753539349EFB4C4982D664B54CC25730900FA2175334CEAF5FAC4C4BB9796FE2D081E549DAB5ABD3D9F7F47AD7667D23B2D31668BD9121573C95C02807E48DD0C9995959542E1E2959572102CAB8D2A6C7CC390B0B8F8B9A47757C2CC16B3252AE692B904003D93BA193E4B4B4B61FB3B3BFB4741F0805A5FE5F227F3F9DCE2E23F27BDA3B604B3C56C898AB9642E01406FA46E8652BD5E9F99294D4C5C323FFF97D5EAAD417058D56AFFB3B0F03753537B8AC589F0F7A477D11662B6982D3D9B9F9F6FBF682E994B00D003A99B21B6B8B8582AFDCED8D82F8C3032B26DDBCF4D4D5D1EB6BFEB9FA852A9B4263C6490D9D2AEC36CA129FC2793CBE5CE7AFA2B73A99DB90400E7247543FA552A95303C841142F6DE0A9CC7782BABD7EB737373636363E16E0AFFE1243D1C00200DA46EC88A56F65E5858487A2C993632E23FDEADA899B7C37F20D3D3D3D56A35E9E10000E9A1F9836C09B3F7D4D454A1502897CB498F25A3A4EEADA656ABEDDFBF7F6C6C4CDE06000641F30759B4BCBC5C2C1665EF4448DD5B47336FE772B9F067F87BD2C30100D249F307D9D5CCDEE3E3E38B8B8B498F2543A4EEADA05AAD4E4F4F8F8D8DC9DB00C0A069FE20EB969696261A64EF7848DDC96AE6ED5C2E37373757AFD7931E0E00907E9A3FE08C307237B37718C2931E4BCA49DD49691E50706C6C4CDE0600E2A4F9037E22CCDEE3E3E3C56271797939E9B1A496D41D3F27CF030012A4F903D62A97CB854241F61E10A93B4ECD8317C8DB004082347FC0D9B5B277A552497A2CA92275C7C381FA01802D42F307741226965C2E572A9564EFA848DD83D63C4881BC0D006C119A3FE0DCE6E7E765EFA848DD83D33A28A003F203005B87E60FE85698BDF3F9FCF4F474B55A4D7A2C434CEA1E84E61722E46D00600BD2FC019B50AFD7E7E6E672B99CECDD33A93B5A0B0B0B0EFE07006C659A3F60D35AD97B6666A656AB253D9C21237547A5F9C587A9A929791B00D8CA347F408FC2EC3D3B3B1BC69EFDFBF7CBDEDD93BAFB144E3C071A00008688E60FE84B98B7C3D42D7B774FEAEE59EB4316F236003044347F40045AD93B0C4561344A7A385B9AD4DD83708239A0000030A4347F4064C268148622D9BB33A97B535A7FD091B7018021A5F903221646A356F64E7A2C5B91D4DDA57022F9F2020090029A3F60205AD97B7E7E3EE9B16C2D52F739B5268FBC0D00A480E60F18A04AA5522A9564EF76527707E184F12505002065347FC0C035B3773E9F2F97CB498F257952F759B5FE40236F030029A3F90362B2B2B2522C160B8542C6B3B7D4BD4638317C2002004831CD1F10ABE5E5E58C676FA9BBA53919F2F9BCBC0D00A498E60F4840336E4D4C4C2C2E2E263D96B849DDA1A5A5A58CFFF10500C80ECD1F909830724F34642A7B673C753777FAF8F8B8BC0D006444A69B3F602B6865EFE5E5E5A4C71287CCA6EE43870E65F08F2C0000196DFE80AD264C628542A1582CA63E7B67307597CBE570E74E4E4ECADB00400665AEF903B6B2663C4B77F6CE54EA9E9F9F4FFD0E0500E82C43CD1F302C9AD9BB542A552A95A4C712BD8CA4EE306FE772B97027CADB0040C665A2F90386512BB6A52C7BA73B75D7EBF503070EA472C70100F426CDCD1F9002ADEC5DAD56931E4B34D29ABAC3BC3D373717EEAC7DFBF6C9DB00002DE96CFE80946966EFE9E9E91464EFF4A5EE5AAD363B3B9B9A1D040010ADB4357F405AB5DE4A1DF66897A6D41DE6EDFDFBF7873B65666666A8770A00C0E0A4A7F903B2A095BDC3B01746BEA487D38B74A4EE306387497BA8770400403CD2D0FC01591366EFE65BACC318F9863D7587797B7A7A3A7CF267676787EEC9070088DF70377F4096B53EDE1CFE0C7378D2C3E9D6F0A6EE4AA5B26FDFBEF0099F9B9B1BA2271C002059C3DAFC0134B5B2F7B044C1614CDD61DE2E954AE1937CE0C081A178920100B68EE16BFE00D66B7DEC796B66EF858585306C8F8E8E160A85F097B1B1B1F0E785175EB8B2B292F4D0CE617979B999B7E7E7E7931E0B00C05092BA81F46865EF03070E243D969F72D34D378DACB37BF7EE72B99CF4D03614E6ED62B1582814E46D00807E48DD40DA84D9BBF9F5E3AD1317EBF5FA05175CD01EB977ECD8313636B6358F46B6B8B8D8CCDB5BF98F020000C342EA06D2A9F555E42D92BDAFBAEAAAF3CE3BAF95BAAFBCF2CA999999A407B55698B7271AE46D0080A848DD409A35B3F71679DB76FBF6EDCDC8BD77EFDE5C2EB7A5BE7F1E3E3FCDBC1D06EFA4C70200902A5237907EADAF28279BBDEFB8E38EF3CF3F3F4CDD9393935BE1AF004DE148C267267C7EE46D00804190BA81AC6865EF04E3E565975DD64CDD490DA0DDFCFC7C3E9F0F9F93F099497A2C0000A9257503D91226CC043F4A5DAD56C3D49DF809C3C2BC9DCBE54AA552E2230100483DA91BC8A2D661C3E2CFDE61EA8EF9115BEAF5FADCDC5C336F572A95A486010090295237905DCDEC3D393919E747AC6BB55A187A633E67582B6F4F4F4FCBDB00007192BA81AC3B74E850F370623164EF306CEFDAB5EBF3D75F1FA6FD788277F828FBF7EF6FE6ED6AB51AC3230200D04EEA0638A37528EFC17DD5B919B9EFBBFFF0C9D553E1CF4107EF56DE0E7FCADB00004991BA017E22CCDEF97C7E105F7B6E8FDCCD1A5CF00E33F6F4F474336FC7FC51760000D690BA01D66A1DE23BAAECBD3E720F2878B7F2F6DCDC9CBC0D00B01548DD0067D7CCDE1B7D1D7AE7CE9DEF79CF7BBA49B61B45EE4D05EF2F7EF18B6F7BDBDB666767375AA052A9944AA566DEAED7EBE71C150000F190BA013A691DFABB3D7B872179A461C78E1D9D0373E7C8DD65F0BEE79E7B9A0F77C10517AC4FD4ADBC3D3F3F2F6F03006C355237C039B49F76AB99BD3FF5A94F3563F05BDEF2968F7CE4231BDDB19BC8DD4DF0BEE8A28B9A0FF7AE77BDAB5C2EB7AE5F5E5E9E9A9A6AE6EDA8371A00806848DD005D6966EF7C3EDF3C30F8C88FBDF5AD6F3DEB29C7CE1AB9AFBEFA9A567519BC3FFDE94FB71EEB0D6F78C33BDFF9CE7099F0118BC562A1505858588865EB0100E891D40DB00961E2FDF55FFFF59136AF7FFDEB2FB9E492F58B9DF55DEEF63B76F38E77F8FBE8E8E8C84F7BE31BDFB8E64D6F0000B62CA91B60133EF6B18F8DAC73D14517B57FC6BBC307CB3BA7EEF5C1BB582CAE7FB85FFDD55F9D9A9A4A66FB0100D824A91B6013666666D6C7E0D0C5175FDC5CA0F377B9CF99BAD704EFF1F1F1F58F353A3AEA8BDC0000C342EA06E8CB9A5364773E7C5A37A9BB3D7897CBE542A1502C1697969692DE5000007A21750344A39B23967799BABB3F8F3700005B9CD40D10812E4F12D67DEA16BC0100D241EA06E857F7E7E5DE54EA16BC01005240EA06E84BF791BB87D42D7803000C3BA91BA0779B8ADCBDA56EC11B0060A849DD003DDA28725F7DF535673DBB58F7C23508DE0000E9207503F4288CDCB7DDFED5F56F4D0F227587153E5618BC93DE6800003647EA06E8D1F2F27218BC9F7BFE680CA93B7C943072878F98F4460300B039523740EFCE1ABC234FDD223700C0F092BA01FAB2D13BDE511D4D4DE40600186A523740BFBA0FDE9B4DDD223700C0B093BA0122D065F0DE54EA16B901005240EA06884637C1BBFBD42D720300A483D40D10997306EF2E53B7C80D00901A523740943A07EF6E52B7C80D009026523740C43A04EF73A66E911B002065A46E80E86D14BC3BA76E911B00207DA46E8081386BF0BEFAEA6B5A257203006481D40D3028DD9FC75BE40600482BA91B6080BA09DE223700408A49DD0083D539788BDC0000E92675030CDC46C15BE40600483DA91B200EEB83B7C80D0090055237404CDA83B7C80D0090115237407C9AC1FBF12347446E00808C90BA0162F5DEF7BE3797CB89DC000019217503C46A64C47FBC000019A2F9038895D40D0090299A3F805849DD000099A2F9038895D40D0090299A3F805849DD000099A2F9038895D40D0090299A3F805849DD000099A2F9038895D40D0090299A3F805849DD000099A2F9038895D40D0090299A3F805849DD000099A2F9038895D40D0090299A3F805849DD000099A2F9038895D40D0090299A3F805849DD000099A2F9038895D40D0090299A3F805849DD000099A2F9038895D40D0090299A3F805849DD000099A2F9038895D40D0090299A3F805849DD000099A2F9038895D40D0090299A3F805849DD000099A2F9038895D40D0090299A3F805849DD000099A2F9038895D40D0090299A3F805849DD000099A2F9038895D40D0090299A3F805849DD000099A2F9038895D40D0090299A3F805849DD000099A2F90318B8858585306C8F8E8E160A85F097B1B1B1F0E785175EB8B2B292F4D00000182CA91B60E06EBAE9A6917576EFDE5D2E97931E1A0000832575030C5CBD5EBFE0820BDA23F78E1D3BC6C6C66AB55AD243030060B0A46E80385C75D555E79D775E2B755F79E595333333490F0A00808193BA0162B27DFBF666E4DEBB776F2E97ABD7EB498F0800808193BA016272C71D779C7FFEF961EA9E9C9CF48D6E00808C90BA01E273D96597355377D203010020265237407CAAD56A98BA9D300C00203BA46E805885A93BE9210000101FCD1F9009F57A7D6161616A6A6A62622297CBAD3F7B764684DB1E3E03C562717E7EDE79CB000062207503E977E8D0A1306D8691FB861B6EB8EDF6DB1F3F72E4E4EA6A362BDCF6F0193878F0E015575C113E2761F64E7AE70000A49CD40DA459AD562B954A7BF6EC79F2A9274FAE9E54EDF5DCF3CF85D93B7C72AAD56AD23B0A0020B5A46E20B5C2C85D28143E7FFDE74EAE9E501BD5CD5FBEF9D24B2FAD542A49EF2E00807492BA81D42A954A8DC8FDAAEA5CB7DD7EEBAE5DBF91F4EE02004827A91B48A743870EEDD973F9EAA9BAEAA6FEF4CF3E76EDB51F4F7AA70100A490D40DA450BD5ECFE5724F3D5D593DF58AEAA68E1DFFE1CE9D3B9C481C00207252379042F3F3F3A55269F5D4CBADDA3DF9DB5D9E5BABFD5E99AA6BAFFDEB999999A4771D0040DA48DD400A158BC58337FEC74F22F7E57BBE1F04DF7D2D786C35F8E689E0C113C17DC74ECDDDF8D5AF3CFDE23D2783FFAD07F7D4833B5F0E6E7D35F8873B1FFEE0BE0F251E8013A9FB0F2F150A85A4771D0040DA48DD400AE5F3F9471E7960F5D4F1668D8C8C1C0B82E3A783174F052F9C0C5E0E823FF9F36B467EE68DE397179F5E0D9E3C113CF96A50A9078F9F0ABEF0F5071B6F771FCF601D3B7E74747434E95D0700903652379042DBB66D7BFEE8D3ABA78E352B0CD22FBF169C78EDCC4DA74E9FF9F9A55BFEEB977EF99D7FF189BF3F15042F9D0A5E5C0D5E580D6A4170EBBD0F3552F7B16C56B8EDC9EE380080F4D1600129D448CE2FB52ABC78FC5470F495E0E46B3F5AA056AB7DEA339FFDF8DF7DE6C967AAE1C5D5D3C1C9461ABFFBFE07D7DC375325750300444E8305A4502339FF5FABCEA4EED782E75E0E7E702C580D8293274EE42FBE7864E4752323A3EFFFBD2BDAEF78DFE107D6DC375325750300444E8305A4502339BFD8AAE627CC8FBE123CF352F0ECABC17D8F7C67FBF6EDAF3BEFF53FFBA6374FFDFE4FA5EE7BEF3FBCE6BE992AA91B0020721A2C20851AC9B9D6AAF0E22BA78317EA67DEEB7EEED5E0F67B57DEB5F39237FFE25BDEB4EDE73FFBAF5F7835088E9D085E3E71E68E772EDDBBE6BE992AA91B0020721A2C2085C2F478EAD40F5BD50C9361F07E7135F8E1C9E0999756EF7EB8B2F3D7DEBDFB377FEBD913C10FEAC1B3F5E0E88920CCDD77DE73EF9AFB66AAA46E0080C869B080145A939C2776EF7AE85B8FDDF7F0CAD2F2CA5D8757EE7AE0D1BB1F3AF2DFF77CF3EB0F3F71C7E147BF76F8DB773DF0EDA5071F7DF8B1EF5DF74FD77F60EF07124FBF523700406A68B080146AA4EE17DAEBC31FFED048177EF7FDEF5F73C74C95D40D0010390D1690428DD47D546DB6A46E0080C869B080143A93BA5F7B5E6DB6A46E0080C869B080146AA4EEE7D4664BEA0600889C060B48A146EA7E566DB6A46E0080C869B080146AA4EE1FA8CD96D40D0010390D1690428DD45DEDB3225949840F74D6C5A21DA4D40D0010390D16904291A7EEF5E718EB7CC74D2DDF65786E2DB36660523700C056A6C10252A89145BFDF4FB5D6B07E5567BDA62D5D9FE5BE6BEED2CD99C33B3C6EFB4DFD6FE99A87487AD70100A48D060B48A1303DBEF6DA33FD546B0D6B56D561CDEBEFD2C34ACEBA4C7B145F7F53F7EBECE64193DE75000069A3C10252A811419FEEB97E3AE5FED4F5AD9F67BDD7FABB9F753D1DEEDBCD32ED0B771E520F1B9EF4AE0300481B0D1690428D14FA54FFD5BE9E8D7E5F7F65875FDA17EEACF3FA5BCB6CB470CFDB9BF4AE0300481B0D1690428D20FA649FD5BE92F52B5C736B5B12FEC94DEB7FD968859D2F76585B245BDABEB6A4771D0040DA68B080146A64D1EFF553ED6BE8726DADC53678EF7AC3F59FF362FB6A7B1B5BF75B9DF4AE0300481B0D1690427D66D1F581F99C29FAAC01B8C3303A7DB87CDDFAD75C297503000C110D1690428D2CFADD41548735AFBFA9FB853B5F5C7365FBADD16EA9D40D0010390D16904267B2E8E9CA20AAC39A7FF476F48F7F59FBDE75C7F574BEB8E6CAF65BA3DD52A91B0020721A2C20851A59F489FEEBC781F9A7AEE966B10E0BB7DFA5D327CC375E5BF397F69F9D1F6B53DB9BF4AE0300481B0D1690428D08FA9D9EAB2DFA9EE5A64DADA7CB9B3A5F5C7365FBD8D6FFD2E78627BDEB0000D2468305A45023821E89AA367E3B7A130B771ED2396F6D5FC39A85BB597FF75B9AF4AE0300481B0D1690428D08FAB8DA6C49DD000091D3600129D448DD8FA9CD96D40D0010390D16904252B7D40D00B04568B080140AD3E3E9D38FAACD96D40D0010390D1690428DD4FD6DB5D992BA010022A7C10252A891BA57D4664BEA0600889C060B48A146EAFE96DA6C49DD000091D3600129343A3AFACA2B0F9C3EFD4DB5A992BA010022A7C102522897CB3DF1C4574E9F7E446DAAA46E0080C869B080149A9C9CFCCF43074E07DF50DDD7B756BE94CFE793DE7500006923750329343B3B3B33F38789E7D8E1AA7F99FF44A9544A7AD70100A48DD40DA450A552C9E7DFF14AFDBED3C1C3AACB2A162F2B97CB49EF3A0080B491BA8174DA7FC6BED3C143AA9BFAF785BF9D9A9A4C7AA70100A490D40DA453BD5E9F9878F7D2D2BF05C183AA7355ABB7E7F3EFA8D5EE4C7AA70100A490D40DA4D6CACA4AA170F1CA4A390896D5461546EE8989772F2E7E2EE9DD0500904E523790664B4B4B61F09E9DFDA3207840ADAF72F993F97C6E71F19F93DE510000A92575032957AFD767664A131397CCCFFF65B57A6B101C56B5DAFF2C2CFCCDD4D49E627122FC3DE95D04009066523790098B8B8BA5D2EF8C8DFDC2082323DBB6FDDCD4D4E561F04E7AB70000A49FD40D102BE7C40600C814A91B20562323FEE30500C810CD1F40ACA46E00804CD1FC01C44AEA0600C814CD1F40ACA46E00804CD1FC01C44AEA0600C814CD1F40ACA46E00804CD1FC01C44AEA0600C814CD1F40ACA46E00804CD1FC01C44AEA0600C814CD1F40ACA46E00804CD1FC01C44AEA0600C814CD1F40ACA46E00804CD1FC01C44AEA0600C814CD1F40ACA46E00804CD1FC01C44AEA0600C814CD1F40ACA46E00804CD1FC01C44AEA0600C814CD1F40ACA46E00804CD1FC01C44AEA0600C814CD1F40ACA46E00804CD1FC01C44AEA0600C814CD1F40ACA46E00804CD1FC01C44AEA0600C814CD1F40ACA46E00804CD1FC01C44AEA0600C814CD1F40ACA46E00804CD1FC01C44AEA0600C814CD1F40ACA46E00804CD1FC01C44AEA0600C814CD1F40ACA46E00804CD1FC01C44AEA0600C814CD1F40ACA46E00804CD1FC01C44AEA0600C814CD1F40ACA46E00804CD1FC01C44AEA0600C814CD1F40ACA46E00804CD1FC01C44AEA0600C814CD1F40ACA46E00804CD1FC01C44AEA0600C814CD1F40ACA46E00804CD1FC01C44AEA0600C814CD1F40ACA46E00804CD1FC01C44AEA0600C814CD1F40ACA46E00804CD1FC01C44AEA0600C814CD1FC0C02D2C2C84617B7474B4502884BF8C8D8D853F2FBCF0C2959595A4870600C06049DD000377D34D378DACB37BF7EE72B99CF4D00000182CA91B60E0EAF5FA05175CD01EB977ECD831363656ABD5921E1A000083257503C4E1AAABAE3AEFBCF35AA9FBCA2BAF9C9999497A5000000C9CD40D1093EDDBB73723F7DEBD7B73B95CBD5E4F7A4400000C9CD40D10933BEEB8E3FCF3CF0F53F7E4E4A46F7403006484D40D109FCB2EBBAC99BA931E0800003191BA01E253AD56C3D4ED84610000D9217503C42A4CDD490F010080F868FE0006AB5EAF97CBE5FDFBF7178BC5891F9B9C9C0CAF999F9FAF56AB490F1000800192BA0106250CDB61D21E399742A170E0C001873407004825A91B207A8B8B8BE3E3E3E7CCDBED72B99C039B0300A48FD40D10A57ABD5E2A95D6BF9BFDA77FFA67070FDE78DBED5F6DD5D5575FB367CF9E354B168BC55AAD96F44600001019A91B2032D56A75CD5BDC1FFDE81F3F7EE4C8C9D5531BD573CF1FFDC7EBAE1B1B1B6B7FD37B797939E94D0100201A523740342A954A18985BE1797272B273DE5E93BDAFBEFA9AD67D47474797969692DE2000002220750344A05EAFB7BFCBFD896BAFED326FB7D70D37FCBF306FB7DEF176787300801490BA0122303535D58ADC070FDED843E46ED67DF71FDEB66D5B733D131313496F160000FD92BA01FA552E97FB7C97BBBD6EFEF22DADB5CDCDCD25BD710000F445EA06E857A150687D97BBCFC8DDACD677BCC7C6C69CC71B0060A849DD007D595858681D02EDC9A79E8E2475BF74EC78EBA8E6D3D3D3496F220000BD93BA01FA323131D13A49582491BB599FBFFEFAE66AB76DDB96F4260200D03BA91BA077B55AADF51DECA8DEE86ED5DBDFFEA3F3902D2E2E26BDA10000F448EA06E8DDFCFC7CEB78E3D146EEB03EF8C10F35573E333393F4860200D023A91BA077FBF6ED8BEAD0E5EBEBB6DBBFDA5CF9F8F878D21B0A00408FA46E80DE4D4E4E3683F1CD5FBE25F2D4FDF89123CD95E772B9A4371400801E49DD00BD6B9D33ECBEFB0F479EBAC36A7D693CE90D0500A0473A3980DEB5CEEFF5F891238348DDADF527BDA10000F4482707D0BB7C3EDF4CC5DF78E49141A4EED1D151A91B0060A8E9E4007AD73A59F76DB77F35F2C8FDDCF3479DB21B0060D849DD00BD2B954ACD60FC8FD75D1779EAFEC6238F34575E281492DE5000007A247503F46E7676B6198CAFB8E20F224FDD9FB8F6DAE6CAA7A6A692DE5000007A247503F46E6565A5F521F0978E1D8F3675EFDAB5ABB9F2F9F9F9A4371400801E49DD007DC9E572CD6C7CF0E08D1146EED6C9BA43B55A2DE9AD0400A0475237405F6666669AD978E7CE9D11BEDDFDDEF7BDAFB9DA62B198F4260200D03BA91BA02FB55AAD7556ED4F5C7B6D2491FBCEBBEE6EBDD1BDBCBC9CF4260200D03BA91BA05F737373CD843C3A3ADAFF29C41E3F72A415E3F7EDDB97F4C60100D017A91B2002E3E3E3CD9C1C06E63036F71CB95F3A767CE7CE9DAD5555ABD5A4B70C0080BE48DD0011A8542ADBB66D6BA5E5FBEE3FDC43E47EF2A9A75B917B747474717131E9CD0200A05F52374034C290DCFA32769899FFF1BAEB36FB5DEED607CB43737373496F1000001190BA0122532E975BEF78378F6A7EF3976FE9E62DEE0FECDD3BD246E40600480DA91B204A2B2B2BF97CBE3D4287D9FBEAABAFF9C6238FAC0FDBFF78DD757BF6EC695F380CED3E580E009026523740C46AB5DAFEFDFB47474747CEE6D24B2FDDE8A6A9A929874F03004819A91B6020C2FC5C2A95CE9AAED79B9898585A5A4A7AC80000444FEA0618A07ABDBEB0B010C6EF42A1B02669E772B962B178E0C001EF6F0300A498D40D000000832275030000C0A048DD000000302852370000000C8AD40D000000832275030000C0A048DD000000FFBFFD3A160000000018E46F3D8A7D65115CAC1B0000002ED60D00000017EB060000808B75030000C0C5BA010000E012F4B85A384E974C8D0000000049454E44AE426082, '0');
INSERT INTO `act_ge_bytearray` VALUES ('27560', '1', 'ResignationBean.bpmn', '27559', 0x3C3F786D6C2076657273696F6E3D22312E302220656E636F64696E673D225554462D38223F3E0A3C646566696E6974696F6E7320786D6C6E733D22687474703A2F2F7777772E6F6D672E6F72672F737065632F42504D4E2F32303130303532342F4D4F44454C2220786D6C6E733A7873693D22687474703A2F2F7777772E77332E6F72672F323030312F584D4C536368656D612D696E7374616E63652220786D6C6E733A7873643D22687474703A2F2F7777772E77332E6F72672F323030312F584D4C536368656D612220786D6C6E733A61637469766974693D22687474703A2F2F61637469766974692E6F72672F62706D6E2220786D6C6E733A62706D6E64693D22687474703A2F2F7777772E6F6D672E6F72672F737065632F42504D4E2F32303130303532342F44492220786D6C6E733A6F6D6764633D22687474703A2F2F7777772E6F6D672E6F72672F737065632F44442F32303130303532342F44432220786D6C6E733A6F6D6764693D22687474703A2F2F7777772E6F6D672E6F72672F737065632F44442F32303130303532342F44492220747970654C616E67756167653D22687474703A2F2F7777772E77332E6F72672F323030312F584D4C536368656D61222065787072657373696F6E4C616E67756167653D22687474703A2F2F7777772E77332E6F72672F313939392F585061746822207461726765744E616D6573706163653D22687474703A2F2F7777772E61637469766974692E6F72672F74657374223E0A20203C70726F636573732069643D2252657369676E6174696F6E4265616E22206E616D653D2252657369676E6174696F6E4265616E50726F636573732220697345786563757461626C653D2274727565223E0A202020203C73746172744576656E742069643D2273746172746576656E743122206E616D653D225374617274223E3C2F73746172744576656E743E0A202020203C757365725461736B2069643D22757365727461736B3122206E616D653D22E4B8BBE7AEA1E5AEA1E689B9222061637469766974693A666F726D4B65793D222F61637469766974696D67722F70726F636573735461736B2F676F746F52657369676E6174696F6E50726F636573735461736B44657461696C223E0A2020202020203C657874656E73696F6E456C656D656E74733E0A20202020202020203C61637469766974693A7461736B4C697374656E6572206576656E743D226372656174652220636C6173733D22636E2E626167656265796F6E642E6F612E61637469766974696D616E6167652E6C697374656E65722E446570744D616E616765725461736B4C697374656E6572223E3C2F61637469766974693A7461736B4C697374656E65723E0A2020202020203C2F657874656E73696F6E456C656D656E74733E0A202020203C2F757365725461736B3E0A202020203C757365725461736B2069643D22757365727461736B3222206E616D653D22E8B4A2E58AA1E5AEA1E689B9222061637469766974693A666F726D4B65793D222F61637469766974696D67722F70726F636573735461736B2F676F746F52657369676E6174696F6E50726F636573735461736B44657461696C223E0A2020202020203C657874656E73696F6E456C656D656E74733E0A20202020202020203C61637469766974693A7461736B4C697374656E6572206576656E743D226372656174652220636C6173733D22636E2E626167656265796F6E642E6F612E61637469766974696D616E6167652E6C697374656E65722E46696E616E6369616C5461736B4C697374656E6572223E3C2F61637469766974693A7461736B4C697374656E65723E0A2020202020203C2F657874656E73696F6E456C656D656E74733E0A202020203C2F757365725461736B3E0A202020203C757365725461736B2069643D22757365727461736B3322206E616D653D22E4BABAE4BA8BE5AEA1E689B9222061637469766974693A666F726D4B65793D222F61637469766974696D67722F70726F636573735461736B2F676F746F52657369676E6174696F6E50726F636573735461736B44657461696C223E0A2020202020203C657874656E73696F6E456C656D656E74733E0A20202020202020203C61637469766974693A7461736B4C697374656E6572206576656E743D226372656174652220636C6173733D22636E2E626167656265796F6E642E6F612E61637469766974696D616E6167652E6C697374656E65722E506572736F6E6E656C5461736B4C697374656E6572223E3C2F61637469766974693A7461736B4C697374656E65723E0A2020202020203C2F657874656E73696F6E456C656D656E74733E0A202020203C2F757365725461736B3E0A202020203C706172616C6C656C476174657761792069643D22706172616C6C656C676174657761793122206E616D653D22506172616C6C656C2047617465776179223E3C2F706172616C6C656C476174657761793E0A202020203C73657175656E6365466C6F772069643D22666C6F77312220736F757263655265663D22706172616C6C656C676174657761793122207461726765745265663D22757365727461736B31223E3C2F73657175656E6365466C6F773E0A202020203C73657175656E6365466C6F772069643D22666C6F77322220736F757263655265663D22706172616C6C656C676174657761793122207461726765745265663D22757365727461736B32223E3C2F73657175656E6365466C6F773E0A202020203C73657175656E6365466C6F772069643D22666C6F77332220736F757263655265663D22706172616C6C656C676174657761793122207461726765745265663D22757365727461736B33223E3C2F73657175656E6365466C6F773E0A202020203C706172616C6C656C476174657761792069643D22706172616C6C656C676174657761793222206E616D653D22506172616C6C656C2047617465776179223E3C2F706172616C6C656C476174657761793E0A202020203C73657175656E6365466C6F772069643D22666C6F77342220736F757263655265663D22757365727461736B3122207461726765745265663D22706172616C6C656C6761746577617932223E3C2F73657175656E6365466C6F773E0A202020203C73657175656E6365466C6F772069643D22666C6F77352220736F757263655265663D22757365727461736B3222207461726765745265663D22706172616C6C656C6761746577617932223E3C2F73657175656E6365466C6F773E0A202020203C73657175656E6365466C6F772069643D22666C6F77362220736F757263655265663D22757365727461736B3322207461726765745265663D22706172616C6C656C6761746577617932223E3C2F73657175656E6365466C6F773E0A202020203C757365725461736B2069643D22757365727461736B3422206E616D653D22E7BB8FE79086E5AEA1E689B9222061637469766974693A666F726D4B65793D222F61637469766974696D67722F70726F636573735461736B2F676F746F52657369676E6174696F6E50726F636573735461736B44657461696C223E0A2020202020203C657874656E73696F6E456C656D656E74733E0A20202020202020203C61637469766974693A7461736B4C697374656E6572206576656E743D226372656174652220636C6173733D22636E2E626167656265796F6E642E6F612E61637469766974696D616E6167652E6C697374656E65722E47656E6572616C4D616E616765725461736B4C697374656E6572223E3C2F61637469766974693A7461736B4C697374656E65723E0A2020202020203C2F657874656E73696F6E456C656D656E74733E0A202020203C2F757365725461736B3E0A202020203C656E644576656E742069643D22656E646576656E743122206E616D653D22456E64223E3C2F656E644576656E743E0A202020203C73657175656E6365466C6F772069643D22666C6F77372220736F757263655265663D22706172616C6C656C676174657761793222207461726765745265663D22757365727461736B34223E3C2F73657175656E6365466C6F773E0A202020203C73657175656E6365466C6F772069643D22666C6F77382220736F757263655265663D22757365727461736B3422207461726765745265663D22656E646576656E7431223E3C2F73657175656E6365466C6F773E0A202020203C757365725461736B2069643D22757365727461736B3522206E616D653D22E794B3E8AFB7E7A6BBE8818C222061637469766974693A61737369676E65653D22247B7573657249647D222061637469766974693A666F726D4B65793D222F61637469766974696D67722F70726F636573735461736B2F676F746F52657369676E6174696F6E50726F636573735461736B44657461696C223E3C2F757365725461736B3E0A202020203C73657175656E6365466C6F772069643D22666C6F7731302220736F757263655265663D2273746172746576656E743122207461726765745265663D22757365727461736B35223E3C2F73657175656E6365466C6F773E0A202020203C73657175656E6365466C6F772069643D22666C6F7731312220736F757263655265663D22757365727461736B3522207461726765745265663D22706172616C6C656C6761746577617931223E3C2F73657175656E6365466C6F773E0A20203C2F70726F636573733E0A20203C62706D6E64693A42504D4E4469616772616D2069643D2242504D4E4469616772616D5F52657369676E6174696F6E4265616E223E0A202020203C62706D6E64693A42504D4E506C616E652062706D6E456C656D656E743D2252657369676E6174696F6E4265616E222069643D2242504D4E506C616E655F52657369676E6174696F6E4265616E223E0A2020202020203C62706D6E64693A42504D4E53686170652062706D6E456C656D656E743D2273746172746576656E7431222069643D2242504D4E53686170655F73746172746576656E7431223E0A20202020202020203C6F6D6764633A426F756E6473206865696768743D2233352E30222077696474683D2233352E302220783D223434392E302220793D2231302E30223E3C2F6F6D6764633A426F756E64733E0A2020202020203C2F62706D6E64693A42504D4E53686170653E0A2020202020203C62706D6E64693A42504D4E53686170652062706D6E456C656D656E743D22757365727461736B31222069643D2242504D4E53686170655F757365727461736B31223E0A20202020202020203C6F6D6764633A426F756E6473206865696768743D2235352E30222077696474683D223130352E302220783D223232382E302220793D223236382E30223E3C2F6F6D6764633A426F756E64733E0A2020202020203C2F62706D6E64693A42504D4E53686170653E0A2020202020203C62706D6E64693A42504D4E53686170652062706D6E456C656D656E743D22757365727461736B32222069643D2242504D4E53686170655F757365727461736B32223E0A20202020202020203C6F6D6764633A426F756E6473206865696768743D2235352E30222077696474683D223130352E302220783D223431342E302220793D223236382E30223E3C2F6F6D6764633A426F756E64733E0A2020202020203C2F62706D6E64693A42504D4E53686170653E0A2020202020203C62706D6E64693A42504D4E53686170652062706D6E456C656D656E743D22757365727461736B33222069643D2242504D4E53686170655F757365727461736B33223E0A20202020202020203C6F6D6764633A426F756E6473206865696768743D2235352E30222077696474683D223130352E302220783D223631302E302220793D223236382E30223E3C2F6F6D6764633A426F756E64733E0A2020202020203C2F62706D6E64693A42504D4E53686170653E0A2020202020203C62706D6E64693A42504D4E53686170652062706D6E456C656D656E743D22706172616C6C656C6761746577617931222069643D2242504D4E53686170655F706172616C6C656C6761746577617931223E0A20202020202020203C6F6D6764633A426F756E6473206865696768743D2234302E30222077696474683D2234302E302220783D223434362E302220793D223137332E30223E3C2F6F6D6764633A426F756E64733E0A2020202020203C2F62706D6E64693A42504D4E53686170653E0A2020202020203C62706D6E64693A42504D4E53686170652062706D6E456C656D656E743D22706172616C6C656C6761746577617932222069643D2242504D4E53686170655F706172616C6C656C6761746577617932223E0A20202020202020203C6F6D6764633A426F756E6473206865696768743D2234302E30222077696474683D2234302E302220783D223434372E302220793D223337302E30223E3C2F6F6D6764633A426F756E64733E0A2020202020203C2F62706D6E64693A42504D4E53686170653E0A2020202020203C62706D6E64693A42504D4E53686170652062706D6E456C656D656E743D22757365727461736B34222069643D2242504D4E53686170655F757365727461736B34223E0A20202020202020203C6F6D6764633A426F756E6473206865696768743D2235352E30222077696474683D223130352E302220783D223431342E302220793D223435302E30223E3C2F6F6D6764633A426F756E64733E0A2020202020203C2F62706D6E64693A42504D4E53686170653E0A2020202020203C62706D6E64693A42504D4E53686170652062706D6E456C656D656E743D22656E646576656E7431222069643D2242504D4E53686170655F656E646576656E7431223E0A20202020202020203C6F6D6764633A426F756E6473206865696768743D2233352E30222077696474683D2233352E302220783D223434392E302220793D223536302E30223E3C2F6F6D6764633A426F756E64733E0A2020202020203C2F62706D6E64693A42504D4E53686170653E0A2020202020203C62706D6E64693A42504D4E53686170652062706D6E456C656D656E743D22757365727461736B35222069643D2242504D4E53686170655F757365727461736B35223E0A20202020202020203C6F6D6764633A426F756E6473206865696768743D2235352E30222077696474683D223130352E302220783D223431342E302220793D2238312E30223E3C2F6F6D6764633A426F756E64733E0A2020202020203C2F62706D6E64693A42504D4E53686170653E0A2020202020203C62706D6E64693A42504D4E456467652062706D6E456C656D656E743D22666C6F7731222069643D2242504D4E456467655F666C6F7731223E0A20202020202020203C6F6D6764693A776179706F696E7420783D223436362E302220793D223231332E30223E3C2F6F6D6764693A776179706F696E743E0A20202020202020203C6F6D6764693A776179706F696E7420783D223238302E302220793D223236382E30223E3C2F6F6D6764693A776179706F696E743E0A2020202020203C2F62706D6E64693A42504D4E456467653E0A2020202020203C62706D6E64693A42504D4E456467652062706D6E456C656D656E743D22666C6F7732222069643D2242504D4E456467655F666C6F7732223E0A20202020202020203C6F6D6764693A776179706F696E7420783D223436362E302220793D223231332E30223E3C2F6F6D6764693A776179706F696E743E0A20202020202020203C6F6D6764693A776179706F696E7420783D223436362E302220793D223236382E30223E3C2F6F6D6764693A776179706F696E743E0A2020202020203C2F62706D6E64693A42504D4E456467653E0A2020202020203C62706D6E64693A42504D4E456467652062706D6E456C656D656E743D22666C6F7733222069643D2242504D4E456467655F666C6F7733223E0A20202020202020203C6F6D6764693A776179706F696E7420783D223436362E302220793D223231332E30223E3C2F6F6D6764693A776179706F696E743E0A20202020202020203C6F6D6764693A776179706F696E7420783D223636322E302220793D223236382E30223E3C2F6F6D6764693A776179706F696E743E0A2020202020203C2F62706D6E64693A42504D4E456467653E0A2020202020203C62706D6E64693A42504D4E456467652062706D6E456C656D656E743D22666C6F7734222069643D2242504D4E456467655F666C6F7734223E0A20202020202020203C6F6D6764693A776179706F696E7420783D223238302E302220793D223332332E30223E3C2F6F6D6764693A776179706F696E743E0A20202020202020203C6F6D6764693A776179706F696E7420783D223436372E302220793D223337302E30223E3C2F6F6D6764693A776179706F696E743E0A2020202020203C2F62706D6E64693A42504D4E456467653E0A2020202020203C62706D6E64693A42504D4E456467652062706D6E456C656D656E743D22666C6F7735222069643D2242504D4E456467655F666C6F7735223E0A20202020202020203C6F6D6764693A776179706F696E7420783D223436362E302220793D223332332E30223E3C2F6F6D6764693A776179706F696E743E0A20202020202020203C6F6D6764693A776179706F696E7420783D223436372E302220793D223337302E30223E3C2F6F6D6764693A776179706F696E743E0A2020202020203C2F62706D6E64693A42504D4E456467653E0A2020202020203C62706D6E64693A42504D4E456467652062706D6E456C656D656E743D22666C6F7736222069643D2242504D4E456467655F666C6F7736223E0A20202020202020203C6F6D6764693A776179706F696E7420783D223636322E302220793D223332332E30223E3C2F6F6D6764693A776179706F696E743E0A20202020202020203C6F6D6764693A776179706F696E7420783D223436372E302220793D223337302E30223E3C2F6F6D6764693A776179706F696E743E0A2020202020203C2F62706D6E64693A42504D4E456467653E0A2020202020203C62706D6E64693A42504D4E456467652062706D6E456C656D656E743D22666C6F7737222069643D2242504D4E456467655F666C6F7737223E0A20202020202020203C6F6D6764693A776179706F696E7420783D223436372E302220793D223431302E30223E3C2F6F6D6764693A776179706F696E743E0A20202020202020203C6F6D6764693A776179706F696E7420783D223436362E302220793D223435302E30223E3C2F6F6D6764693A776179706F696E743E0A2020202020203C2F62706D6E64693A42504D4E456467653E0A2020202020203C62706D6E64693A42504D4E456467652062706D6E456C656D656E743D22666C6F7738222069643D2242504D4E456467655F666C6F7738223E0A20202020202020203C6F6D6764693A776179706F696E7420783D223436362E302220793D223530352E30223E3C2F6F6D6764693A776179706F696E743E0A20202020202020203C6F6D6764693A776179706F696E7420783D223436362E302220793D223536302E30223E3C2F6F6D6764693A776179706F696E743E0A2020202020203C2F62706D6E64693A42504D4E456467653E0A2020202020203C62706D6E64693A42504D4E456467652062706D6E456C656D656E743D22666C6F773130222069643D2242504D4E456467655F666C6F773130223E0A20202020202020203C6F6D6764693A776179706F696E7420783D223436362E302220793D2234352E30223E3C2F6F6D6764693A776179706F696E743E0A20202020202020203C6F6D6764693A776179706F696E7420783D223436362E302220793D2238312E30223E3C2F6F6D6764693A776179706F696E743E0A2020202020203C2F62706D6E64693A42504D4E456467653E0A2020202020203C62706D6E64693A42504D4E456467652062706D6E456C656D656E743D22666C6F773131222069643D2242504D4E456467655F666C6F773131223E0A20202020202020203C6F6D6764693A776179706F696E7420783D223436362E302220793D223133362E30223E3C2F6F6D6764693A776179706F696E743E0A20202020202020203C6F6D6764693A776179706F696E7420783D223436362E302220793D223137332E30223E3C2F6F6D6764693A776179706F696E743E0A2020202020203C2F62706D6E64693A42504D4E456467653E0A202020203C2F62706D6E64693A42504D4E506C616E653E0A20203C2F62706D6E64693A42504D4E4469616772616D3E0A3C2F646566696E6974696F6E733E, '0');
INSERT INTO `act_ge_bytearray` VALUES ('27561', '1', 'ResignationBean.png', '27559', 0x89504E470D0A1A0A0000000D49484452000005270000025F08020000000278F4A50000415C49444154789CECDD7F8CDB777D3FF0D368E9AD3091698C1C432A46D3544F82C45A997AE28FE55269CD4DDAC0D210B9ED8FCED224480563A7096DD74D6DB641779A36382656850DBAD3A67E77134A6B41E932DAB25B69CBAD3FD26B4BE1681B6AE80F4CDB14774D5A37B9349FEF2736187397737CF6C79FCFF9F3793CF4D2E96C7FFCF1FBE3CF3BF1EB79B63F9F9100000000188C91A40700000000A92575030000C0A048DD000000302852370000000C8AD40D000000832275030000C0A048DD000000302852370000000C8AD40D000000832275030C56BD5E2F97CBFBF7EF2F168B133F363939195EB3B0B050ABD5921E200000032475030C4A18B6C3743D3A3A1AE6ED30631F3C78E36DB77FB559377FF996ABAFBE666A6A6ADBB66DE3E3E3F3F3F3490F1600808190BA01A2B7BCBC3C31311186ED305D9F5C3DD5B9EEBCEBEE2BAEF88342A1B0B8B898F4C001008898D40D10B1D9D9D93042DF76FB57CF99B7DBEBBEFB0FEFDAB56BDFBE7DF57A3DE92D0000203252374064C2C03C3535353333B3A9BCDD5EFF78DD75131313D56A35E94D0100201A52374034C2C83D3E3EBEB0B0D073E46E7DE03C5C4FA552497A8300008880D40D108DA9A9A9FE2377EBD3E661F0F6517300801490BA0122303B3BDBCF07CBD7D7C18337168BC5A4370B00807E49DD00FD5A5E5E2E140A1146EE667DF0831F3A70E040D21B0700405FA46E807E8591FBBEFB0F479EBA9F7CEAE9B7BF3DE773E60000434DEA06E84BB95C2E168B9147EE667DF4A37F3C373797F4260200D03BA91BA02F1313139B3D35F7A6DEEE1E1B1B4B7A130100E89DD40DD0BB5AADB66DDBB60145EE665D7AE9A54B4B4B496F2800003D92BA017A373F3F5F2A95069ABA3F71EDB5333333496F2800003D92BA017AB76FDFBE03070E0C3475DF76FB5727262692DE5000007A247503F46E7272F2E62FDF32D0D4FDF891236F7F7B2EE90D0500A047523740EF0674CEB0F67AE9D8F1D1D1D1A4371400801E49DD00BD1B1B1B7BF2A9A7079ABAC31A19F17F3500C0B0D2C901F42E9FCF7FE39147A46E000036A29303E8DD404FD6ED7BDD000029207503F4AE542A7DFEFAEB079ABAEFBCEBEE4B2FBD34E90D0500A047523740EFE6E6E63EFAD13F1E68EA0E53FD1557FC41D21B0A00408FA46E80DE552A955C2E37D0D4BD67CF9E43870E25BDA10000F448EA06E8CB400FA8F6D2B1E3DBB66DABD7EB496F2500003D92BA01FA32D00F99FFFD273F19AE3CE94D0400A0775237405FEAF57A2E971BC459BB5F3A76FCED6FCF55ABD5A437110080DE49DD00FD5A5858F8C0DEBDDEE80600603DA91B2002EF7DDFFB0E1EBC31C2C8FD8D471ED9B973E74BC78E27BD650000F445EA068840AD56BBF4D24BA33AACDA73CF1F0D23F7E3478E24BD590000F44BEA0688C6CACA4A18BCC3A8DC7FE47EEFFBDE77F3976F497A8300008880D40D1099E5E5E59D3B77DE79D7DDFD7CB03C8CEE223700406A48DD0051AAD56ABB76EDBAFAEA6B9E7BFEE8A6F2F64BC78EFFFD273FD9FC987AD21B01004064A46E8088D5EBF530755F7C713E4CD16196EE26727FFEFAEBC3E53FFAD13F0EB37AD2C30700204A5237C04054ABD5E9E9E96DDBB6BDF77DEF0B43F57DF71F5E93B4C36B6EB8E1FF7D60EFDE70992BAEF8834AA592F4900100889ED40D3040F57ABD5C2E974AA59D3B778EFCB4F09A30722F2C2CD46AB5A4870900C0A048DD00B10A1378D2430000203E523740AC4646FCC70B0090219A3F805849DD000099A2F9038895D40D0090299A3F805849DD000099A2F9038895D40D0090299A3F805849DD000099A2F9038895D40D0090299A3F805849DD000099A2F9038895D40D0090299A3F805849DD000099A2F9038895D40D0090299A3F805849DD000099A2F9038895D40D0090299A3F805849DD000099A2F9038895D40D0090299A3F805849DD000099A2F9038895D40D0090299A3F805849DD000099A2F9038895D40D0090299A3F805849DD000099A2F9038895D40D0090299A3F805849DD000099A2F9038895D40D0090299A3F805849DD000099A2F9038895D40D0090299A3F805849DD000099A2F90318B8858585306C8F8E8E160A85F097B1B1B1F0E785175EB8B2B292F4D00000182CA91B60E06EBAE9A6917576EFDE5D2E97931E1A0000832575030C5CBD5EBFE0820BDA23F78E1D3BC6C6C66AB55AD243030060B0A46E80385C75D555E79D775E2B755F79E595333333490F0A00808193BA0162B27DFBF666E4DEBB776F2E97ABD7EB498F0800808193BA016272C71D779C7FFEF961EA9E9C9CF48D6E00808C90BA01E273D96597355377D203010020265237407CAAD56A98BA9D300C00203BA46E805885A93BE9210000101FCD1F9009F57A7D6161616A6A6A62622297CBAD3F7B764684DB1E3E03C562717E7EDE79CB000062207503E977E8D0A1306D8691FB861B6EB8EDF6DB1F3F72E4E4EA6A362BDCF6F0193878F0E015575C113E2761F64E7AE70000A49CD40DA459AD562B954A7BF6EC79F2A9274FAE9E54EDF5DCF3CF85D93B7C72AAD56AD23B0A0020B5A46E20B5C2C85D28143E7FFDE74EAE9E501BD5CD5FBEF9D24B2FAD542A49EF2E00807492BA81D42A954A8DC8FDAAEA5CB7DD7EEBAE5DBF91F4EE02004827A91B48A743870EEDD973F9EAA9BAEAA6FEF4CF3E76EDB51F4F7AA70100A490D40DA450BD5ECFE5724F3D5D593DF58AEAA68E1DFFE1CE9D3B9C481C00207252379042F3F3F3A55269F5D4CBADDA3DF9DB5D9E5BABFD5E99AA6BAFFDEB999999A4771D0040DA48DD400A158BC58337FEC74F22F7E57BBE1F04DF7D2D786C35F8E689E0C113C17DC74ECDDDF8D5AF3CFDE23D2783FFAD07F7D4833B5F0E6E7D35F8873B1FFEE0BE0F251E8013A9FB0F2F150A85A4771D0040DA48DD400AE5F3F9471E7960F5D4F1668D8C8C1C0B82E3A783174F052F9C0C5E0E823FF9F36B467EE68DE397179F5E0D9E3C113CF96A50A9078F9F0ABEF0F5071B6F771FCF601D3B7E74747434E95D0700903652379042DBB66D7BFEE8D3ABA78E352B0CD22FBF169C78EDCC4DA74E9FF9F9A55BFEEB977EF99D7FF189BF3F15042F9D0A5E5C0D5E580D6A4170EBBD0F3552F7B16C56B8EDC9EE380080F4D1600129D448CE2FB52ABC78FC5470F495E0E46B3F5AA056AB7DEA339FFDF8DF7DE6C967AAE1C5D5D3C1C9461ABFFBFE07D7DC375325750300444E8305A4502339FF5FABCEA4EED782E75E0E7E702C580D8293274EE42FBE7864E4752323A3EFFFBD2BDAEF78DFE107D6DC375325750300444E8305A4502339BFD8AAE627CC8FBE123CF352F0ECABC17D8F7C67FBF6EDAF3BEFF53FFBA6374FFDFE4FA5EE7BEF3FBCE6BE992AA91B0020721A2C20851AC9B9D6AAF0E22BA78317EA67DEEB7EEED5E0F67B57DEB5F39237FFE25BDEB4EDE73FFBAF5F7835088E9D085E3E71E68E772EDDBBE6BE992AA91B0020721A2C2085C2F478EAD40F5BD50C9361F07E7135F8E1C9E0999756EF7EB8B2F3D7DEBDFB377FEBD913C10FEAC1B3F5E0E88920CCDD77DE73EF9AFB66AAA46E0080C869B080145A939C2776EF7AE85B8FDDF7F0CAD2F2CA5D8757EE7AE0D1BB1F3AF2DFF77CF3EB0F3F71C7E147BF76F8DB773DF0EDA5071F7DF8B1EF5DF74FD77F60EF07124FBF523700406A68B080146AA4EE17DAEBC31FFED048177EF7FDEF5F73C74C95D40D0010390D1690428DD47D546DB6A46E0080C869B080143A93BA5F7B5E6DB6A46E0080C869B080146AA4EEE7D4664BEA0600889C060B48A146EA7E566DB6A46E0080C869B080146AA4EE1FA8CD96D40D0010390D1690428DD45D8DB0CEB9C2B32ED0E530221F6D3F9B99F4AE0300481B0D169042F1A7EEF665CE7A4EB27ED67FD6B56D6AFD52370040523458400A3552E8F7FBA9739ED9FBAC7739E7355DAE7CFD43B42EAEFFA5C303F5B0D549EF3A0080B4D160012914A6C7D75E7BA69F5AB386CE17D7DF77BDA8C6B3FE97738E67538F92F4AE0300481B0D1690428D14FA743FB5660D9D2F76B992B3DEDABECCFA6BDA6F6A0BF06B57DEFFF6B6D693F4AE0300481B0D1690428D14FA543FB5660DE7BCF8E33CFCD4C8C6367A88350B9C75F0EB6F6D5FACFFED6DAD27E95D070090361A2C20851A29F4C97EAA4378FE71423ECB5D36FB106BEEB5FE9AF52B5FFF4B0F0FDD614849EF3A0080B4D1600129D448A1DFEBA7D6ACA1F3C535576E90D2CFB2FCC691BED3C2EBC7D0FFF6B6D693F4AE0300481B0D16904289A7EECE6B3BE7C375B3F2730675A91B00602BD0600129D448A1DFEDA7D6ACA1F3C535576EF0F6F5DA853BEBB0F23E37ADF35627BDEB0000D2468305A4D099687ABAD24F9D3B159FED2EAD3B9EF5A6B35ED37ED359AF5CBFF2FEB7AEC35627BDEB0000D2468305A45023973ED14FAD5943E78BAD2B9BD76F90D2CFB2FE8D965CFF70EB6F6A5FA6FFED6DAD27E95D070090361A2C20851A29F43B1156372B6C2DB37EE16EAEE9F2D68D1E25924D96BA010022A7C10252A811418F44589B5A61FBC26D6F5377B5C28D965F73C7EE57B8D9CD4C7AD70100A48D060B48A146047D5C6DB6A46E0080C869B080146AA4EEC7D4664BEA0600889C060B4821A95BEA0600D8223458400A85E9F1F4E947D5664BEA0600889C060B48A146EAFEB6DA6C49DD000091D3600129D448DD2B6AB325750300444E8305A45023757F4B6DB6A46E0080C869B080141A1D1D7DE595074E9FFEA6DA5449DD000091D360012994CBE59E78E22BA74F3FA2365552370040E43458400A4D4E4EFEE7A103A7836FA8EEEB5B2B5FCAE7F349EF3A0080B491BA81149A9D9D9D99F9C3C473EC70D5BFCC7FA2542A25BDEB0000D246EA0652A852A9E4F3EF78A57EDFE9E061D565158B9795CBE5A4771D0040DA48DD403AED3F63DFE9E021D54DFDFBC2DF4E4D4D26BDD300005248EA06D2A95EAF4F4CBC7B69E9DF82E041D5B9AAD5DBF3F977D46A7726BDD300005248EA06526B6565A550B87865A51C04CB6AA30A23F7C4C4BB17173F97F4EE02004827A91B48B3A5A5A53078CFCEFE51103CA0D657B9FCC97C3EB7B8F8CF49EF280080D492BA8194ABD7EB3333A589894BE6E7FFB25ABD35080EAB5AED7F1616FE666A6A4FB13811FE9EF42E02004833A91BC884C5C5C552E977C6C67E618491916DDB7E6E6AEAF2307827BD5B0000D24FEA06889573620300648AD40D10AB9111FFF102006488E60F205652370040A668FE006225750300648AE60F205652370040A668FE006225750300648AE60F205652370040A668FE006225750300648AE60F205652370040A668FE006225750300648AE60F205652370040A668FE006225750300648AE60F205652370040A668FE006225750300648AE60F205652370040A668FE006225750300648AE60F205652370040A668FE006225750300648AE60F205652370040A668FE006225750300648AE60F205652370040A668FE006225750300648AE60F205652370040A668FE006225750300648AE60F205652370040A668FE006225750300648AE60F205652370040A668FE006225750300648AE60F205652370040A668FE00066E6161210CDBA3A3A3854221FC656C6C2CFC79E18517AEACAC243D340000064BEA0618B89B6EBA69649DDDBB7797CBE5A4870600C06049DD000357AFD72FB8E082F6C8BD63C78EB1B1B15AAD96F4D00000182CA91B200E575D75D579E79DD74ADD575E79E5CCCC4CD283020060E0A46E80986CDFBEBD19B9F7EEDD9BCBE5EAF57AD223020060E0A46E8098DC71C71DE79F7F7E98BA2727277DA31B002023A46E80F85C76D965CDD49DF44000008889D40D109F6AB51AA66E270C0300C80EA91B205661EA4E7A080000C447F307109F5AAD562A959C300C00203BA46E809884617BD7AE5D9FBFFEFA898909C11B002023A46E80383423F77DF71F3EB97A2AFC297803006484D40D3070ED91BB59823700404648DD0083B53E720BDE0000D92175030CD046915BF00600C808A91B60503A476EC11B00200BA46E8081E826720BDE0000A927750344EFAC91FBEAABAF6995E00D009011523740C4367A977BA48D77BC01003242EA068852870F96774EDD823700402A49DD0091E9FC5DEE73A66EC11B00207DA46E80689CF3F069DDA46EC11B002065A46E80087473C4F22E53B7E00D009026523740BFBA3C4958F7A95BF00600480DA91BA02FDD9F977B53A95BF006004807A91BA077DD47EE1E52B7E00D0090025237408F3615B97B4BDD823700C0B093BA017AB151E4BEFAEA6B46FA13AE41F00600480DA91BA01761E4BEEDF6AFAE7F6B7A10A93BACF0B1C2E09DF4460300B0695237402F969797C3E0FDDCF3476348DDE1A384913B7CC4A4371A00804D93BA017A74D6E01D79EA16B90100869AD40DD0BB8DDEF18EEA686A223700C0B093BA01FAD27DF0DE6CEA16B901005240EA06E85797C17B53A95BE406004807A91B2002DD04EFEE5377B89EB1B1B1BFFAABBF4A7AB30000E897D40D108DEBAEBBAE73F0EE327537DFE5BEE5965B4AA5523E9F2F97CB496F190000BD93BA01FAB5BCBC1CE6E4C9C9C9CEEF787793BAD77CB07C6565A5582C160A85C5C5C544371100801E49DD00BDAB56ABA552A93D157708DEE74CDD1B7D97BB99EA434B4B4B716F210000FD91BA017A51ABD566666672B9DCFCFCFC9A9B360ADE9D53F7390F9F1606FBF1F1F162B1E8106B00004344EA06D8B4B9B9B97C3E3F3B3B5BAFD7CFBAC05983F7D5575FD3AA9E8F585E2E970B8542A954AA542A116F150000032075036C42187AC3BC3D3D3D5DAD563B2FD9FD79BC7B3849D8FCFC7C2E97EB66180000244BEA06E8CAD2D252988D8BC5E2CACA4A9777E92678F7735EEEB9B9B9307BCFCCCCD46AB51EEE0E00400CA46E8073A8542A535353E3E3E33D1C48BC73F0EE277237D5EBF5D9D9D9307BEFDFBF7FA38FBB03009020A91B6043B55A6D7A7A3A9FCF2F2C2CF4BC928D8277FF91BB7D9C61EA0EB3F7DCDC9CEC0D00B0A548DD00671166D7E6E7B723C9B1EB83778491BBA55AAD36FF46B0FEB0EA00002445EA0658AB75C8B408BF2FDD1EBC0711B95B2A954AA9540AC71F6EC520D60F00C0A648DD003FD13A27F620CECBD50CDE8F1F3932B8C8DDB2B2B2126E45A150E8E1BBE800004448EA0638238CD9614C0DF3F0D2D2D2E01E250CDBB95C6ED091BBFDE1261A06BA5100007420750359D73C645A1886E3F94876A9548AE151DAB5DEC08F2DED0300D0227503D9D53AEDD6DCDC5C6C0F3A3292CC7FBCE572B9502884997F101F9E07006023523790510B0B0B61DE9E999989F09069DD482A7537CDCFCF875B3D3D3D5DAD56131C0600407648DD40E62C2E2E160A85A9A9A9449267B2A9BBA97952B4FDFBF7C7FC170700800C4ABEF90388CDCACACAE4E4640C8710EF602BA4EEA0F1E9FA307587D97B7676B6FF13920300B0912DD1FC010C5AB55ADDB76F5F3E9F3F74E850B223D922A9BBA956ABCDCCCCC4FCCD7600804CD942CD1FC02034DFD40DF3F6810307921ECB195B2A753755ABD5E651DCE7E7E7931E0B0040DA6CB9E60F204261D2DE6A5F60DE82A9BBA952A9944AA542A110CF19D4000032628B367F007D3A74E8501820F7EDDBB7D50ED6BD655377D3F2F272B1581C1F1F5F5C5C4C7A2C000069B0A59B3F801E84B971B221C143A675B0C55377D3D2D2D244C3D67C0E010086C810347F005DAA56ABCDCF48277EC8B40E86227537354FB1562C16575656921E0B00C0B01A9AE60FA0835AADD63C0FD6D63F1ED810A5EEA672B99CCFE74BA552A552497A2C0000C367C89A3F80F5E6E6E6C25818A6EEA138EFF4D0A5EEA6F9F9F9F0499E9E9EDE6ADF930700D8E286B2F903686ABE0D3B5C5170485377D03807DBDCDCDC563B263C00C01637ACCD1F9071CBCBCB131313C3F895E3E14DDD4DCDF39F87D97B767676283E5C000090ACE16EFE800CAA542A535353854261484F6D35ECA9BBA956ABCDCCCC84D97B6E6E2EE9B100006C696968FE808C6826BD7C3EBFB0B090F4587A978ED4DD54AD56A7A7A787E22076000049494FF307A45BF31BC529F854739A527753A552699EB0AD5C2E273D1600802D276DCD1F903E61960BF3F6F4F4743A8EE095BED4DDB4BCBC5C2C16C7C7C787F493FF00000392CEE60F4887A5A5A530C585592E4D678A4E6BEA6E0A77D9444318C2931E0B00C09690E6E60F185E61CC6EBE711AA6B8A4C712B174A7EEA6C5C5C542A190B23F970000F426FDCD1F305C6AB55AF3005D69FD927016527753F3AB01A5526988CEA60E0010B9AC347FC0D657AFD7676767537F32AAECA4EEA6F9F9F9E6D7F2656F00209BB2D5FC015BD6C2C2423E9F9F999949C721D33AC85AEA0E1A7F4F999B9B0BF7EFFEFDFB53BF7F0100D6C85CF3076C35CDEF004F4D4D65E43BC0194CDD4D61DE0E5377F3B30CC37EFA370080EE65B4F903B68295959562B198B5E35D67367537B5BEB77FE0C081A4C7020010874C377F4052AAD56A18BDF2F97C5A0F99D641C65377533801F6EDDB1766EF858585A4C7020030589A3F2056F57A7DFFFEFD61DE4EF721D33A90BA5B2A95CAD4D454A150C8E01F5F0080ECD0FC01F1691ECE3AE387D492BAD7585E5E6E7ED160717131E9B10000444FF307C4E1D0A1438542C1A99B03A97B0361E40E83F7E4E464A6BEE40F006481E60F18AC30444D3648534D527707CDBFCE148BC58C1CD01E00C802CD1F3028CD236685212A8C52498F650B91BACFA95C2EE772399F8C0000D241F30744AF75666667875A4FEAEE52F32800D3D3D3B2370030D4347F40C4C2A49DCFE7C3D45DAFD7931ECB562475772F9C42737373CDE994E523F00100434DF30744E6D0A1436140DAB76F9F37273B90BA37ABF5D1893081FB530E003074347F40049697979B07A05E5959497A2C5B9DD4DD9B307B4F4F4FFBDA02003074347F405FAAD5EAD4D454A15070B2E52E49DDFD681EA22FCCDE0B0B0B498F0500A02B9A3FA047B55A6D666646FED92CA9BB7F954AA5F9B71E87C70700B63ECD1FD08BB9B9B9306FCFCECEFA9EED6649DD51699E0A7E6262C2E72C0080AD4CF3076C4EF35CCAD3D3D38E29DD1BA93B5A61E40E8377B1580C4378D2630100380BCD1FD0ADA5A5A566BCA9542A498F658849DD83502E970B85C2D4D494C909006C359A3FE0DCC2241386EDF1F1711FE5ED9FD43D380B0B0BB95CCEB9EB00802D45F30774D23C5D533E9F2F97CB498F2525A4EE413B70E0802F4100005B87E60F38BB7ABDDE3C645AF8D321D3222475C7A0357BF7EFDF2F7B0300C9D2FC0167B1B0B090CFE7BD5B380852776CC2D91BA6EE7026FBCB11009020CD1FF053161717C7C7C71D956A70A4EE9855ABD5E9E9E95C2E373F3F9FF45800802CD2FC013FB2B2B2522C16272626969696921E4BDA2C2C2C84617B7474B4502884BF8C8D8D853F2FBCF0C2F0394F7A68591166EF52A914666F4728000062267543567CF18B5F7CDBDBDE363B3BBBFEA6E69B810E99363837DD74D3C83ABB77EFF684C7AC7934FE42A170E8D0A1F5B7EEDCB9F33DEF798F6F550000D192BA2113EEB9E79E66D2BBE0820BDABFE01AFE1EE6F0E6175F131C5EEA85CF73F8CCB747EE1D3B768C8D8D097889585E5E9E9C9C9C9898683F135EB82F5ABBC67E010022247543265C74D145CD44F1AE77BDABF5FEEAFCFC7C2E979B999991316270D555579D77DE79ADD47DE5955786CF7CD283CAB4307287C1BB582C86213CBCF8A94F7DAAB96BDEF296B77CE4231F497A7400407A48DD907E9FFEF4A75B61EF0D6F78C33BDFF9CE9B6FBEB95028944AA56AB59AF4E83264FBF6EDCDBDB077EFDE5C2EE7A8DA5B41B95C0EFF2D4C4D4DB5FE32157AEB5BDFDA8CE20000FD93BA21E56AB5DAE8E8E89A6F1487D9FB6B5FFB5AD243CB9C3BEEB8E3FCF3CF0F9FFFC9C949DFE8DE522EBFFCF2F67F20AF7FFDEB2FB9E492A4070500A484D40D29572C16D71FC7EB3DEF79CFD4D454D243CBA2CB2EBBAC99BA931E083FF1B18F7D6CFDBF918B2EBAC899C600804848DD9072E3E3E3EB13C5E8E8A84491886AB51A3EFF4E18B6A5CCCCCCACFF3712FA955FF995A4870600A481D40D2977E0C0815C2EB77FFF7EDF22DE22C23897F41038875AAD16FE93716C7F0020129A3F86581823171616A6A6A6262626C26079D677ABB220DCF6E6A198E7E7E71D8D7C23664B93D9D23F73A9C95C02802E49DD0CAB43870E853D5FD8F8DE70C30DB7DD7EFBE3478E9C5C5DCD6685DB1E3E03070F1EBCE28A2BC2E7C447C7D7335BCC96A8984BE612006C96D4CDF0A9D56AA55269CF9E3D4F3EF5E4C9D593AABD9E7BFEB9B0030E9F1CA7046B325BCC96A8984BE61200F446EA66C8848D6FA150F8FCF59F3BB97A426D54377FF9E64B2FBDB452A924BDBB1266B6982D513197CC2500E899D4CD9029954A8DC6F755D5B96EBBFDD65DBB7E23E9DD9530B3C56C898AB9642E0140CFA46E86C9A14387F6ECB97CF5545D75537FFA671FBBF6DA8F27BDD31263B6982D513197CC2500E887D4CDD0A8D7EBB95CEEA9A72BABA75E51DDD4B1E33FDCB97347364F0D6DB6982D513197CC2500E893D4CDD0989F9F2F954AABA75E6ED5EEC9DFEEF20C37EDF7CA545D7BED5FCFCCCC24BDEB1260B6982D513197CC2500E893D4CDD028168B076FFC8F9F34BE97EFF97E107CF7B5E0B1D5E09B2782074F04F71D3B3577E357BFF2F48BF79C0CFEB71EDC530FEE7C39B8F5D5E01FEE7CF883FB3E94781B9A48DD7F78A9502824BDEB1260B6982D513197CC2500E893D4CDD0C8E7F38F3CF2C0EAA9E3CD1A1919391604C74F072F9E0A5E3819BC1C047FF2E7D78CFCCC1BC72F2F3EBD1A3C792278F2D5A0520F1E3F157CE1EB0F36DE743A9EC13A76FCE8E8E868D2BB2E01668BD9121573C95C02803E49DD0C8D6DDBB63D7FF4E9D553C79A15B6B32FBF169C78EDCC4DA74E9FF9F9A55BFEEB977EF99D7FF189BF3F15042F9D0A5E5C0D5E580D6A4170EBBD0F357ADF63D9AC70DB93DD7189305BCC96A8984BE61200F4C98B2243A3D1BFBED4AAF0E2F153C1D1578293AFFD68815AADF6A9CF7CF6E37FF799279FA98617574F07271B3DF1DDF73FB8E6BE99AA6CF6BE668BD9121573C95C02803E7951646834FAD7FF6BD599DEF7B5E0B997831F1C0B5683E0E48913F98B2F1E1979DDC8C8E8FB7FEF8AF63BDE77F88135F7CD5465B3F7355BCC96A8984BE61200F4C98B2243A3D1BFBED8AAE6E73C8FBE123CF352F0ECABC17D8F7C67FBF6EDAF3BEFF53FFBA6374FFDFE4FF5BEF7DE7F78CD7D3355D9EC7DCD16B3252AE692B904007DF2A2C8D068F4AFB55685175F391DBC503FF38ED373AF06B7DFBBF2AE9D97BCF917DFF2A66D3FFFD97FFDC2AB4170EC44F0F2893377BC73E9DE35F7CD5465B3F7355BCC96A8984BE61200F4C98B224323ECE14E9DFA61AB9A2D5DD8FEBEB81AFCF064F0CC4BAB773F5CD9F96BEFDEFD9BBFF5EC89E007F5E0D97A70F4441076BF77DE73EF9AFB66AAB2D9FB9A2D664B54CC25730900FAE44591A1B1A67F9DD8BDEBA16F3D76DFC32B4BCB2B771D5EB9EB8147EF7EE8C87FDFF3CDAF3FFCC41D871FFDDAE16FDFF5C0B7971E7CF4E1C7BE77DD3F5DFF81BD1F48BC07D5FBC6C96C315BA2622E994B00D0272F8A0C8D46EFFB427B7DF8C31F1AE9C2EFBEFFFD6BEE98A9CA66EF6BB6982D513197CC2500E89317458646A3F73DAA365BD9EC7DCD16B3252AE692B904007DF2A2C8D038D3FBBEF6BCDA6C65B3F7355BCC96A8984BE61200F4C98B2243A3D1FB3EA7365BD9EC7DCD16B3252AE692B904007DF2A2C8D068F4BECFAACD56367B5FB3C56C898AB9642E01409FBC2832341ABDEF0FD4662B9BBDAFD962B644C55C329700A04F5E14191A8DDEB71A5575B9B6F58BF57CC7EE178B7C4B93DE750988F639DCD40EEAE1A1CD96AD2CF2B9B4D9156E6A79730900B6202F8A0C8DF87BDFF5A7025A7F659FED6F6B99F685F5BEFDEBF339ECBC973BAC7CA39348F53F1BCD96A4C4FC3FCF4653C8FF3C0030BCBC2832341A1DE1F7FBA92E1AD99F5A78FDEFEB7FE97EE5EB1F62A315F6BFA56B1E22E95D97803E9FC3CEBB63A39577DEC566CB908AF619EE6197755EDE5C0280ADCF8B224323ECE15E7BED99086BB32BECBC7C376B6B5FA6BD215E7F536F23DCE84193DE7509E8F3A96BDF29AD9FEB9D75E79E75579A2DC32B91FF793AE467730900868E17458646A3117C3AC2EABCC20E5DEF4FB7AD3DAE7FCD32ED0B377F8F6A7BB3D9FBF6F9ECB5EF82F5AB3AE7CABB991E66CBB088F97F9E8D76716FF7359700602BF0A2C8D068F4824F45589D57D8CDC3AD59A68B88BEE11ADA97D968E19E3733E95D97803E9FC0D68ED8682F77B863FBAD1D16365B8645CCFFF39C737A984B003074BC2832341AEDE0931156372BDCB88B3DF70A3B5F5C7365FBADD16E69367BDF3E9FC3E6DDDB7FAE99121BCD93CEB3C86C1946913FC39BDD6BE75CD85C02802DCE8B2243A3D1117EAFCFEAF876D0D997EFF2CAF5D777BED83E9E35B746B2A5ED6B4B7AD725A0CFE7B07DA7ACDF35E75C79378F6EB60C8BC89FE12EA750F7FF53994B00B0C57951646844DB1176D9626E36A27776D685D70F46EFDBBFF85377F7BBDE6C192E913FC39BDD6BE7DCDDE612006C715E14191A8D8EF0BB1156372BDCD483AE59B8F3C53557B6DF1AED9666B3F7EDF3396CDEBDFDE7463BAB879960B60C97089FE16E76DC3923F48F33B3B9040043C38B2243E34C4778BA126175B3C24E5DEFB956D8F9E29A2BDB6F8D764BB3D9FB46F21C6EB4533AAF7CFDAD66CB508BF019EE6DC79DF35EE612006C715E14191A8D8EF08908AB9B156EB4CC59AF3FF7DB531BAFA7F94BFBCF2E47D8CD2624BDEB12D0FF53B7665F743973BA5FDE6C191651FDCFB37E3D9D27D2A62686B904005B9917458646A311FC4E84D5CD0A3B36B2E75861E78B6BAE6C5FE7FA5FFADCCCA4775D02FA7FEA3AEC858D56BEA9EBCD966111D513BBA9EB37B58CB904005B9C17458646A3113CD2739DF3EDA01F779F6BEFB5D1DABA79C46EC673D685371A4F6F1B9EF4AE4B40FFB3A59BBD76CEBB74BF13CD962D2B92FF797A5BA0B73D6B2E01C056E34591A1D168041F579BAD6CF6BE668BD9121573C95C02803E79516468347ADFC7D4662B9BBDAFD962B644C55C329700A04F5E14191A7A5FBD6FF7CC16B3252AE692B904007DF2A2C8D0087BB8D3A71F559BAD6CF6BE668BD9121573C95C02803E79516468347ADF6FABCD56367B5FB3C56C898AB9642E01409FBC2832341ABDEF8ADA6C65B3F7355BCC96A8984BE61200F4C98B2243A3D1FB7E4B6DB6B2D9FB9A2D664B54CC25730900FAE44591A1313A3AFACA2B0F9C3EFD4DB5A9CA66EF6BB6982D513197CC2500E893174586462E977BE289AF9C3EFD88DA5465B3F7355BCC96A8984BE61200F4C98B2243637272F23F0F1D381D7C43755FDF5AF9523E9F4F7AD725C06C315BA2622E994B00D027A99BA1313B3B3B33F387897793C355FF32FF8952A994F4AE4B80D962B644C55C329700A04F523743A352A9E4F3EF78A57EDFE9E061D565158B9795CBE5A4775D02CC16B3252AE692B904007D92BA1926FBCFD8773A78487553FFBEF0B753539349EFB4C4982D664B54CC25730900FA2175334CEAF5FAC4C4BB9796FE2D081E549DAB5ABD3D9F7F47AD7667D23B2D31668BD9121573C95C02807E48DD0C9995959542E1E2959572102CAB8D2A6C7CC390B0B8F8B9A47757C2CC16B3252AE692B904003D93BA193E4B4B4B61FB3B3BFB4741F0805A5FE5F227F3F9DCE2E23F27BDA3B604B3C56C898AB9642E01406FA46E8652BD5E9F99294D4C5C323FFF97D5EAAD417058D56AFFB3B0F03753537B8AC589F0F7A477D11662B6982D3D9B9F9F6FBF682E994B00D003A99B21B6B8B8582AFDCED8D82F8C3032B26DDBCF4D4D5D1EB6BFEB9FA852A9B4263C6490D9D2AEC36CA129FC2793CBE5CE7AFA2B73A99DB90400E7247543FA552A95303C841142F6DE0A9CC7782BABD7EB737373636363E16E0AFFE1243D1C00200DA46EC88A56F65E5858487A2C993632E23FDEADA899B7C37F20D3D3D3D56A35E9E10000E9A1F9836C09B3F7D4D454A1502897CB498F25A3A4EEADA656ABEDDFBF7F6C6C4CDE06000641F30759B4BCBC5C2C1665EF4448DD5B47336FE772B9F067F87BD2C30100D249F307D9D5CCDEE3E3E38B8B8B498F2543A4EEADA05AAD4E4F4F8F8D8DC9DB00C0A069FE20EB969696261A64EF7848DDC96AE6ED5C2E37373757AFD7931E0E00907E9A3FE08C307237B37718C2931E4BCA49DD49691E50706C6C4CDE0600E2A4F9037E22CCDEE3E3E3C56271797939E9B1A496D41D3F27CF030012A4F903D62A97CB854241F61E10A93B4ECD8317C8DB004082347FC0D9B5B277A552497A2CA92275C7C381FA01802D42F307741226965C2E572A9564EFA848DD83D63C4881BC0D006C119A3FE0DCE6E7E765EFA848DD83D33A28A003F203005B87E60FE85698BDF3F9FCF4F474B55A4D7A2C434CEA1E84E61722E46D00600BD2FC019B50AFD7E7E6E672B99CECDD33A93B5A0B0B0B0EFE07006C659A3F60D35AD97B6666A656AB253D9C21237547A5F9C587A9A929791B00D8CA347F408FC2EC3D3B3B1BC69EFDFBF7CBDEDD93BAFB144E3C071A00008688E60FE84B98B7C3D42D7B774FEAEE59EB4316F236003044347F40045AD93B0C4561344A7A385B9AD4DD83708239A0000030A4347F4064C268148622D9BB33A97B535A7FD091B7018021A5F903221646A356F64E7A2C5B91D4DDA57022F9F2020090029A3F60205AD97B7E7E3EE9B16C2D52F739B5268FBC0D00A480E60F18A04AA5522A9564EF76527707E184F12505002065347FC0C035B3773E9F2F97CB498F257952F759B5FE40236F030029A3F90362B2B2B2522C160B8542C6B3B7D4BD4638317C2002004831CD1F10ABE5E5E58C676FA9BBA53919F2F9BCBC0D00A498E60F4840336E4D4C4C2C2E2E263D96B849DDA1A5A5A58CFFF10500C80ECD1F909830724F34642A7B673C753777FAF8F8B8BC0D006444A69B3F602B6865EFE5E5E5A4C71287CCA6EE43870E65F08F2C0000196DFE80AD264C628542A1582CA63E7B67307597CBE570E74E4E4ECADB00400665AEF903B6B2663C4B77F6CE54EA9E9F9F4FFD0E0500E82C43CD1F302C9AD9BB542A552A95A4C712BD8CA4EE306FE772B97027CADB0040C665A2F90386512BB6A52C7BA73B75D7EBF503070EA472C70100F426CDCD1F9002ADEC5DAD56931E4B34D29ABAC3BC3D373717EEAC7DFBF6C9DB00002DE96CFE80946966EFE9E9E91464EFF4A5EE5AAD363B3B9B9A1D040010ADB4357F405AB5DE4A1DF66897A6D41DE6EDFDFBF7873B65666666A8770A00C0E0A4A7F903B2A095BDC3B01746BEA487D38B74A4EE306387497BA8770400403CD2D0FC01591366EFE65BACC318F9863D7587797B7A7A3A7CF267676787EEC9070088DF70377F4096B53EDE1CFE0C7378D2C3E9D6F0A6EE4AA5B26FDFBEF0099F9B9B1BA2271C002059C3DAFC0134B5B2F7B044C1614CDD61DE2E954AE1937CE0C081A178920100B68EE16BFE00D66B7DEC796B66EF858585306C8F8E8E160A85F097B1B1B1F0E785175EB8B2B292F4D0CE617979B999B7E7E7E7931E0B00C05092BA81F46865EF03070E243D969F72D34D378DACB37BF7EE72B99CF4D03614E6ED62B1582814E46D00807E48DD40DA84D9BBF9F5E3AD1317EBF5FA05175CD01EB977ECD8313636B6358F46B6B8B8D8CCDB5BF98F020000C342EA06D2A9F555E42D92BDAFBAEAAAF3CE3BAF95BAAFBCF2CA999999A407B55698B7271AE46D0080A848DD409A35B3F71679DB76FBF6EDCDC8BD77EFDE5C2EB7A5BE7F1E3E3FCDBC1D06EFA4C70200902A5237907EADAF28279BBDEFB8E38EF3CF3F3F4CDD9393935BE1AF004DE148C267267C7EE46D00804190BA81AC6865EF04E3E565975DD64CDD490DA0DDFCFC7C3E9F0F9F93F099497A2C0000A9257503D91226CC043F4A5DAD56C3D49DF809C3C2BC9DCBE54AA552E2230100483DA91BC8A2D661C3E2CFDE61EA8EF9115BEAF5FADCDC5C336F572A95A486010090295237905DCDEC3D393919E747AC6BB55A187A633E67582B6F4F4F4FCBDB00007192BA81AC3B74E850F370623164EF306CEFDAB5EBF3D75F1FA6FD788277F828FBF7EF6FE6ED6AB51AC3230200D04EEA0638A37528EFC17DD5B919B9EFBBFFF0C9D553E1CF4107EF56DE0E7FCADB00004991BA017E22CCDEF97C7E105F7B6E8FDCCD1A5CF00E33F6F4F474336FC7FC51760000D690BA01D66A1DE23BAAECBD3E720F2878B7F2F6DCDC9CBC0D00B01548DD0067D7CCDE1B7D1D7AE7CE9DEF79CF7BBA49B61B45EE4D05EF2F7EF18B6F7BDBDB666767375AA052A9944AA566DEAED7EBE71C150000F190BA013A691DFABB3D7B872179A461C78E1D9D0373E7C8DD65F0BEE79E7B9A0F77C10517AC4FD4ADBC3D3F3F2F6F03006C355237C039B49F76AB99BD3FF5A94F3563F05BDEF2968F7CE4231BDDB19BC8DD4DF0BEE8A28B9A0FF7AE77BDAB5C2EB7AE5F5E5E9E9A9A6AE6EDA8371A00806848DD005D6966EF7C3EDF3C30F8C88FBDF5AD6F3DEB29C7CE1AB9AFBEFA9A567519BC3FFDE94FB71EEB0D6F78C33BDFF9CE7099F0118BC562A1505858588865EB0100E891D40DB00961E2FDF55FFFF59136AF7FFDEB2FB9E492F58B9DF55DEEF63B76F38E77F8FBE8E8E8C84F7BE31BDFB8E64D6F0000B62CA91B60133EF6B18F8DAC73D14517B57FC6BBC307CB3BA7EEF5C1BB582CAE7FB85FFDD55F9D9A9A4A66FB0100D824A91B6013666666D6C7E0D0C5175FDC5CA0F377B9CF99BAD704EFF1F1F1F58F353A3AEA8BDC0000C342EA06E8CB9A5364773E7C5A37A9BB3D7897CBE542A1502C1697969692DE5000007A21750344A39B23967799BABB3F8F3700005B9CD40D10812E4F12D67DEA16BC0100D241EA06E857F7E7E5DE54EA16BC01005240EA06E84BF791BB87D42D7803000C3BA91BA0779B8ADCBDA56EC11B0060A849DD003DDA28725F7DF535673DBB58F7C23508DE0000E9207503F4288CDCB7DDFED5F56F4D0F227587153E5618BC93DE6800003647EA06E8D1F2F27218BC9F7BFE680CA93B7C943072878F98F4460300B039523740EFCE1ABC234FDD223700C0F092BA01FAB2D13BDE511D4D4DE40600186A523740BFBA0FDE9B4DDD223700C0B093BA0122D065F0DE54EA16B901005240EA06884637C1BBFBD42D720300A483D40D10997306EF2E53B7C80D00901A523740943A07EF6E52B7C80D009026523740C43A04EF73A66E911B002065A46E80E86D14BC3BA76E911B00207DA46E8081386BF0BEFAEA6B5A257203006481D40D3028DD9FC75BE40600482BA91B6080BA09DE223700408A49DD0083D539788BDC0000E92675030CDC46C15BE40600483DA91B200EEB83B7C80D0090055237404CDA83B7C80D0090115237407C9AC1FBF12347446E00808C90BA0162F5DEF7BE3797CB89DC000019217503C46A64C47FBC000019A2F9038895D40D0090299A3F805849DD000099A2F9038895D40D0090299A3F805849DD000099A2F9038895D40D0090299A3F805849DD000099A2F9038895D40D0090299A3F805849DD000099A2F9038895D40D0090299A3F805849DD000099A2F9038895D40D0090299A3F805849DD000099A2F9038895D40D0090299A3F805849DD000099A2F9038895D40D0090299A3F805849DD000099A2F9038895D40D0090299A3F805849DD000099A2F9038895D40D0090299A3F805849DD000099A2F9038895D40D0090299A3F805849DD000099A2F9038895D40D0090299A3F805849DD000099A2F9038895D40D0090299A3F805849DD000099A2F9038895D40D0090299A3F805849DD000099A2F9038895D40D0090299A3F805849DD000099A2F90318B8858585306C8F8E8E160A85F097B1B1B1F0E785175EB8B2B292F4D00000182CA91B60E06EBAE9A6917576EFDE5D2E97931E1A0000832575030C5CBD5EBFE0820BDA23F78E1D3BC6C6C66AB55AD243030060B0A46E80385C75D555E79D775E2B755F79E595333333490F0A00808193BA0162B27DFBF666E4DEBB776F2E97ABD7EB498F0800808193BA016272C71D779C7FFEF961EA9E9C9CF48D6E00808C90BA01E273D96597355377D203010020265237407CAAD56A98BA9D300C00203BA46E805885A93BE9210000101FCD1F9009F57A7D6161616A6A6A62622297CBAD3F7B764684DB1E3E03C562717E7EDE79CB000062207503E977E8D0A1306D8691FB861B6EB8EDF6DB1F3F72E4E4EA6A362BDCF6F0193878F0E015575C113E2761F64E7AE70000A49CD40DA459AD562B954A7BF6EC79F2A9274FAE9E54EDF5DCF3CF85D93B7C72AAD56AD23B0A0020B5A46E20B5C2C85D28143E7FFDE74EAE9E501BD5CD5FBEF9D24B2FAD542A49EF2E00807492BA81D42A954A8DC8FDAAEA5CB7DD7EEBAE5DBF91F4EE02004827A91B48A743870EEDD973F9EAA9BAEAA6FEF4CF3E76EDB51F4F7AA70100A490D40DA450BD5ECFE5724F3D5D593DF58AEAA68E1DFFE1CE9D3B9C481C00207252379042F3F3F3A55269F5D4CBADDA3DF9DB5D9E5BABFD5E99AA6BAFFDEB999999A4771D0040DA48DD400A158BC58337FEC74F22F7E57BBE1F04DF7D2D786C35F8E689E0C113C17DC74ECDDDF8D5AF3CFDE23D2783FFAD07F7D4833B5F0E6E7D35F8873B1FFEE0BE0F251E8013A9FB0F2F150A85A4771D0040DA48DD400AE5F3F9471E7960F5D4F1668D8C8C1C0B82E3A783174F052F9C0C5E0E823FF9F36B467EE68DE397179F5E0D9E3C113CF96A50A9078F9F0ABEF0F5071B6F771FCF601D3B7E74747434E95D0700903652379042DBB66D7BFEE8D3ABA78E352B0CD22FBF169C78EDCC4DA74E9FF9F9A55BFEEB977EF99D7FF189BF3F15042F9D0A5E5C0D5E580D6A4170EBBD0F3552F7B16C56B8EDC9EE380080F4D1600129D448CE2FB52ABC78FC5470F495E0E46B3F5AA056AB7DEA339FFDF8DF7DE6C967AAE1C5D5D3C1C9461ABFFBFE07D7DC375325750300444E8305A4502339FF5FABCEA4EED782E75E0E7E702C580D8293274EE42FBE7864E4752323A3EFFFBD2BDAEF78DFE107D6DC375325750300444E8305A4502339BFD8AAE627CC8FBE123CF352F0ECABC17D8F7C67FBF6EDAF3BEFF53FFBA6374FFDFE4FA5EE7BEF3FBCE6BE992AA91B0020721A2C20851AC9B9D6AAF0E22BA78317EA67DEEB7EEED5E0F67B57DEB5F39237FFE25BDEB4EDE73FFBAF5F7835088E9D085E3E71E68E772EDDBBE6BE992AA91B0020721A2C2085C2F478EAD40F5BD50C9361F07E7135F8E1C9E0999756EF7EB8B2F3D7DEBDFB377FEBD913C10FEAC1B3F5E0E88920CCDD77DE73EF9AFB66AAA46E0080C869B080145A939C2776EF7AE85B8FDDF7F0CAD2F2CA5D8757EE7AE0D1BB1F3AF2DFF77CF3EB0F3F71C7E147BF76F8DB773DF0EDA5071F7DF8B1EF5DF74FD77F60EF07124FBF523700406A68B080146AA4EE17DAEBC31FFED048177EF7FDEF5F73C74C95D40D0010390D1690428DD47D546DB6A46E0080C869B080143A93BA5F7B5E6DB6A46E0080C869B080146AA4EEE7D4664BEA0600889C060B48A146EA7E566DB6A46E0080C869B080146AA4EE1FA8CD96D40D0010390D1690428DD45DEDB3225949840F74D6C5A21DA4D40D0010390D16904291A7EEF5E718EB7CC74D2DDF65786E2DB36660523700C056A6C10252A89145BFDF4FB5D6B07E5567BDA62D5D9FE5BE6BEED2CD99C33B3C6EFB4DFD6FE99A87487AD70100A48D060B48A1303DBEF6DA33FD546B0D6B56D561CDEBEFD2C34ACEBA4C7B145F7F53F7EBECE64193DE75000069A3C10252A811419FEEB97E3AE5FED4F5AD9F67BDD7FABB9F753D1DEEDBCD32ED0B771E520F1B9EF4AE0300481B0D1690428D14FA54FFD5BE9E8D7E5F7F65875FDA17EEACF3FA5BCB6CB470CFDB9BF4AE0300481B0D1690428D20FA649FD5BE92F52B5C736B5B12FEC94DEB7FD968859D2F76585B245BDABEB6A4771D0040DA68B080146A64D1EFF553ED6BE8726DADC53678EF7AC3F59FF362FB6A7B1B5BF75B9DF4AE0300481B0D1690427D66D1F581F99C29FAAC01B8C3303A7DB87CDDFAD75C297503000C110D1690428D2CFADD41548735AFBFA9FB853B5F5C7365FBADD16EA9D40D0010390D16904267B2E8E9CA20AAC39A7FF476F48F7F59FBDE75C7F574BEB8E6CAF65BA3DD52A91B0020721A2C20851A59F489FEEBC781F9A7AEE966B10E0BB7DFA5D327CC375E5BF397F69F9D1F6B53DB9BF4AE0300481B0D1690428D08FA9D9EAB2DFA9EE5A64DADA7CB9B3A5F5C7365FBD8D6FFD2E78627BDEB0000D2468305A45023821E89AA367E3B7A130B771ED2396F6D5FC39A85BB597FF75B9AF4AE0300481B0D1690428D08FAB8DA6C49DD000091D3600129D448DD8FA9CD96D40D0010390D16904252B7D40D00B04568B080140AD3E3E9D38FAACD96D40D0010390D1690428DD4FD6DB5D992BA010022A7C10252A891BA57D4664BEA0600889C060B48A146EAFE96DA6C49DD000091D3600129343A3AFACA2B0F9C3EFD4DB5A992BA010022A7C102522897CB3DF1C4574E9F7E446DAAA46E0080C869B080149A9C9CFCCF43074E07DF50DDD7B756BE94CFE793DE7500006923750329343B3B3B33F38789E7D8E1AA7F99FF44A9544A7AD70100A48DD40DA450A552C9E7DFF14AFDBED3C1C3AACB2A162F2B97CB49EF3A0080B491BA8174DA7FC6BED3C143AA9BFAF785BF9D9A9A4C7AA70100A490D40DA453BD5E9F9878F7D2D2BF05C183AA7355ABB7E7F3EFA8D5EE4C7AA70100A490D40DA4D6CACA4AA170F1CA4A390896D5461546EE8989772F2E7E2EE9DD0500904E523790664B4B4B61F09E9DFDA3207840ADAF72F993F97C6E71F19F93DE510000A92575032957AFD767664A131397CCCFFF65B57A6B101C56B5DAFF2C2CFCCDD4D49E627122FC3DE95D04009066523790098B8B8BA5D2EF8C8DFDC2082323DBB6FDDCD4D4E561F04E7AB70000A49FD40D102BE7C40600C814A91B20562323FEE30500C810CD1F40ACA46E00804CD1FC01C44AEA0600C814CD1F40ACA46E00804CD1FC01C44AEA0600C814CD1F40ACA46E00804CD1FC01C44AEA0600C814CD1F40ACA46E00804CD1FC01C44AEA0600C814CD1F40ACA46E00804CD1FC01C44AEA0600C814CD1F40ACA46E00804CD1FC01C44AEA0600C814CD1F40ACA46E00804CD1FC01C44AEA0600C814CD1F40ACA46E00804CD1FC01C44AEA0600C814CD1F40ACA46E00804CD1FC01C44AEA0600C814CD1F40ACA46E00804CD1FC01C44AEA0600C814CD1F40ACA46E00804CD1FC01C44AEA0600C814CD1F40ACA46E00804CD1FC01C44AEA0600C814CD1F40ACA46E00804CD1FC01C44AEA0600C814CD1F40ACA46E00804CD1FC01C44AEA0600C814CD1F40ACA46E00804CD1FC01C44AEA0600C814CD1F40ACA46E00804CD1FC01C44AEA0600C814CD1F40ACA46E00804CD1FC01C44AEA0600C814CD1F40ACA46E00804CD1FC01C44AEA0600C814CD1F40ACA46E00804CD1FC01C44AEA0600C814CD1F40ACA46E00804CD1FC01C44AEA0600C814CD1F40ACA46E00804CD1FC01C44AEA0600C814CD1F40ACA46E00804CD1FC01C44AEA0600C814CD1FC0C02D2C2C84617B7474B4502884BF8C8D8D853F2FBCF0C2959595A4870600C06049DD000377D34D378DACB37BF7EE72B99CF4D00000182CA91B60E0EAF5FA05175CD01EB977ECD831363656ABD5921E1A000083257503C4E1AAABAE3AEFBCF35AA9FBCA2BAF9C9999497A5000000C9CD40D1093EDDBB73723F7DEBD7B73B95CBD5E4F7A4400000C9CD40D10933BEEB8E3FCF3CF0F53F7E4E4A46F7403006484D40D109FCB2EBBAC99BA931E0800003191BA01E253AD56C3D4ED84610000D9217503C42A4CDD490F010080F868FE0006AB5EAF97CBE5FDFBF7178BC5891F9B9C9C0CAF999F9FAF56AB490F1000800192BA0106250CDB61D21E399742A170E0C001873407004825A91B207A8B8B8BE3E3E3E7CCDBED72B99C039B0300A48FD40D10A57ABD5E2A95D6BF9BFDA77FFA67070FDE78DBED5F6DD5D5575FB367CF9E354B168BC55AAD96F44600001019A91B2032D56A75CD5BDC1FFDE81F3F7EE4C8C9D5531BD573CF1FFDC7EBAE1B1B1B6B7FD37B797939E94D0100201A523740342A954A18985BE1797272B273DE5E93BDAFBEFA9AD67D47474797969692DE2000002220750344A05EAFB7BFCBFD896BAFED326FB7D70D37FCBF306FB7DEF176787300801490BA0122303535D58ADC070FDED843E46ED67DF71FDEB66D5B733D131313496F160000FD92BA01FA552E97FB7C97BBBD6EFEF22DADB5CDCDCD25BD710000F445EA06E857A150687D97BBCFC8DDACD677BCC7C6C69CC71B0060A849DD007D595858681D02EDC9A79E8E2475BF74EC78EBA8E6D3D3D3496F220000BD93BA01FA323131D13A49582491BB599FBFFEFAE66AB76DDB96F4260200D03BA91BA077B55AADF51DECA8DEE86ED5DBDFFEA3F3902D2E2E26BDA10000F448EA06E8DDFCFC7CEB78E3D146EEB03EF8C10F35573E333393F4860200D023A91BA077FBF6ED8BEAD0E5EBEBB6DBBFDA5CF9F8F878D21B0A00408FA46E80DE4D4E4E3683F1CD5FBE25F2D4FDF89123CD95E772B9A4371400801E49DD00BD6B9D33ECBEFB0F479EBAC36A7D693CE90D0500A0473A3980DEB5CEEFF5F891238348DDADF527BDA10000F4482707D0BB7C3EDF4CC5DF78E49141A4EED1D151A91B0060A8E9E4007AD73A59F76DB77F35F2C8FDDCF3479DB21B0060D849DD00BD2B954ACD60FC8FD75D1779EAFEC6238F34575E281492DE5000007A247503F46E7676B6198CAFB8E20F224FDD9FB8F6DAE6CAA7A6A692DE5000007A247503F46E6565A5F521F0978E1D8F3675EFDAB5ABB9F2F9F9F9A4371400801E49DD007DC9E572CD6C7CF0E08D1146EED6C9BA43B55A2DE9AD0400A0475237405F6666669AD978E7CE9D11BEDDFDDEF7BDAFB9DA62B198F4260200D03BA91BA02FB55AAD7556ED4F5C7B6D2491FBCEBBEE6EBDD1BDBCBC9CF4260200D03BA91BA05F737373CD843C3A3ADAFF29C41E3F72A415E3F7EDDB97F4C60100D017A91B2002E3E3E3CD9C1C06E63036F71CB95F3A767CE7CE9DAD5555ABD5A4B70C0080BE48DD0011A8542ADBB66D6BA5E5FBEE3FDC43E47EF2A9A75B917B747474717131E9CD0200A05F52374034C290DCFA32769899FFF1BAEB36FB5DEED607CB43737373496F1000001190BA0122532E975BEF78378F6A7EF3976FE9E62DEE0FECDD3BD246E40600480DA91B204A2B2B2BF97CBE3D4287D9FBEAABAFF9C6238FAC0FDBFF78DD757BF6EC695F380CED3E580E009026523740C46AB5DAFEFDFB47474747CEE6D24B2FDDE8A6A9A929874F03004819A91B6020C2FC5C2A95CE9AAED79B9898585A5A4A7AC80000444FEA0618A07ABDBEB0B010C6EF42A1B02669E772B962B178E0C001EF6F0300A498D40D000000832275030000C0A048DD000000302852370000000C8AD40D000000832275030000C0A048DD000000FFBFFD3A160000000018E46F3D8A7D65115CAC1B0000002ED60D00000017EB060000808B75030000C0C5BA010000E012F4B85A384E974C8D0000000049454E44AE426082, '0');

-- ----------------------------
-- Table structure for act_ge_property
-- ----------------------------
DROP TABLE IF EXISTS `act_ge_property`;
CREATE TABLE `act_ge_property` (
  `NAME_` varchar(64) COLLATE utf8_bin NOT NULL,
  `VALUE_` varchar(300) COLLATE utf8_bin DEFAULT NULL,
  `REV_` int(11) DEFAULT NULL,
  PRIMARY KEY (`NAME_`)
) ENGINE=InnoDB DEFAULT CHARSET=utf8 COLLATE=utf8_bin;

-- ----------------------------
-- Records of act_ge_property
-- ----------------------------
INSERT INTO `act_ge_property` VALUES ('next.dbid', '30001', '13');
INSERT INTO `act_ge_property` VALUES ('schema.history', 'create(5.18.0.0)', '1');
INSERT INTO `act_ge_property` VALUES ('schema.version', '5.18.0.0', '1');

-- ----------------------------
-- Table structure for act_hi_actinst
-- ----------------------------
DROP TABLE IF EXISTS `act_hi_actinst`;
CREATE TABLE `act_hi_actinst` (
  `ID_` varchar(64) COLLATE utf8_bin NOT NULL,
  `PROC_DEF_ID_` varchar(64) COLLATE utf8_bin NOT NULL,
  `PROC_INST_ID_` varchar(64) COLLATE utf8_bin NOT NULL,
  `EXECUTION_ID_` varchar(64) COLLATE utf8_bin NOT NULL,
  `ACT_ID_` varchar(255) COLLATE utf8_bin NOT NULL,
  `TASK_ID_` varchar(64) COLLATE utf8_bin DEFAULT NULL,
  `CALL_PROC_INST_ID_` varchar(64) COLLATE utf8_bin DEFAULT NULL,
  `ACT_NAME_` varchar(255) COLLATE utf8_bin DEFAULT NULL,
  `ACT_TYPE_` varchar(255) COLLATE utf8_bin NOT NULL,
  `ASSIGNEE_` varchar(255) COLLATE utf8_bin DEFAULT NULL,
  `START_TIME_` datetime(3) NOT NULL,
  `END_TIME_` datetime(3) DEFAULT NULL,
  `DURATION_` bigint(20) DEFAULT NULL,
  `TENANT_ID_` varchar(255) COLLATE utf8_bin DEFAULT '',
  PRIMARY KEY (`ID_`),
  KEY `ACT_IDX_HI_ACT_INST_START` (`START_TIME_`),
  KEY `ACT_IDX_HI_ACT_INST_END` (`END_TIME_`),
  KEY `ACT_IDX_HI_ACT_INST_PROCINST` (`PROC_INST_ID_`,`ACT_ID_`),
  KEY `ACT_IDX_HI_ACT_INST_EXEC` (`EXECUTION_ID_`,`ACT_ID_`)
) ENGINE=InnoDB DEFAULT CHARSET=utf8 COLLATE=utf8_bin;

-- ----------------------------
-- Records of act_hi_actinst
-- ----------------------------
INSERT INTO `act_hi_actinst` VALUES ('15006', 'LeaveBean:1:15004', '15005', '15005', 'startevent1', null, null, 'Start', 'startEvent', null, '2018-03-25 15:32:20.000', '2018-03-25 15:32:20.000', '3', '');
INSERT INTO `act_hi_actinst` VALUES ('15008', 'LeaveBean:1:15004', '15005', '15005', 'usertask1', '15009', null, '', 'userTask', '1', '2018-03-25 15:32:20.000', '2018-03-25 16:29:25.000', '3425904', '');
INSERT INTO `act_hi_actinst` VALUES ('17503', 'LeaveBean:1:15004', '15005', '15005', 'usertask2', '17504', null, '', 'userTask', '16', '2018-03-25 16:29:25.000', '2018-03-25 16:34:01.000', '276761', '');
INSERT INTO `act_hi_actinst` VALUES ('17509', 'LeaveBean:1:15004', '15005', '15005', 'usertask1', '17510', null, '', 'userTask', '1', '2018-03-25 16:34:01.000', null, null, '');
INSERT INTO `act_hi_actinst` VALUES ('20006', 'ResignationBean:1:20004', '20005', '20005', 'startevent1', null, null, 'Start', 'startEvent', null, '2018-05-08 15:58:24.000', '2018-05-08 15:58:24.000', '23', '');
INSERT INTO `act_hi_actinst` VALUES ('20008', 'ResignationBean:1:20004', '20005', '20005', 'usertask5', '20009', null, '', 'userTask', '1', '2018-05-08 15:58:24.000', '2018-05-08 17:27:54.000', '5370649', '');
INSERT INTO `act_hi_actinst` VALUES ('22502', 'ResignationBean:1:20004', '20005', '20005', 'parallelgateway1', null, null, 'Parallel Gateway', 'parallelGateway', null, '2018-05-08 17:27:54.000', '2018-05-08 17:27:54.000', '0', '');
INSERT INTO `act_hi_actinst` VALUES ('22506', 'ResignationBean:1:20004', '20005', '22503', 'usertask1', '22507', null, '', 'userTask', '16', '2018-05-08 17:27:54.000', '2018-05-08 17:29:36.000', '102941', '');
INSERT INTO `act_hi_actinst` VALUES ('22509', 'ResignationBean:1:20004', '20005', '22504', 'usertask2', '22510', null, '', 'userTask', '20', '2018-05-08 17:27:54.000', '2018-05-08 17:36:44.000', '530137', '');
INSERT INTO `act_hi_actinst` VALUES ('22512', 'ResignationBean:1:20004', '20005', '22505', 'usertask3', '22513', null, '', 'userTask', '21', '2018-05-08 17:27:54.000', '2018-05-08 17:35:55.000', '481328', '');
INSERT INTO `act_hi_actinst` VALUES ('22517', 'ResignationBean:1:20004', '20005', '22503', 'parallelgateway2', null, null, 'Parallel Gateway', 'parallelGateway', null, '2018-05-08 17:29:36.000', '2018-05-08 17:29:36.000', '4', '');
INSERT INTO `act_hi_actinst` VALUES ('22520', 'ResignationBean:1:20004', '20005', '22505', 'parallelgateway2', null, null, 'Parallel Gateway', 'parallelGateway', null, '2018-05-08 17:35:55.000', '2018-05-08 17:35:55.000', '9', '');
INSERT INTO `act_hi_actinst` VALUES ('22523', 'ResignationBean:1:20004', '20005', '22504', 'parallelgateway2', null, null, 'Parallel Gateway', 'parallelGateway', null, '2018-05-08 17:36:44.000', '2018-05-08 17:36:44.000', '3', '');
INSERT INTO `act_hi_actinst` VALUES ('22524', 'ResignationBean:1:20004', '20005', '20005', 'usertask4', '22525', null, '', 'userTask', '19', '2018-05-08 17:36:44.000', '2018-05-12 21:58:34.000', '361310891', '');
INSERT INTO `act_hi_actinst` VALUES ('25002', 'LeaveBean:1:15004', '25001', '25001', 'startevent1', null, null, 'Start', 'startEvent', null, '2018-05-12 16:30:53.000', '2018-05-12 16:30:53.000', '23', '');
INSERT INTO `act_hi_actinst` VALUES ('25004', 'LeaveBean:1:15004', '25001', '25001', 'usertask1', '25005', null, '', 'userTask', '16', '2018-05-12 16:30:53.000', '2018-05-12 16:31:31.000', '38113', '');
INSERT INTO `act_hi_actinst` VALUES ('25009', 'LeaveBean:1:15004', '25001', '25001', 'usertask2', '25010', null, '', 'userTask', '16', '2018-05-12 16:31:31.000', '2018-05-12 16:32:37.000', '66367', '');
INSERT INTO `act_hi_actinst` VALUES ('25013', 'LeaveBean:1:15004', '25001', '25001', 'usertask3', '25014', null, '', 'userTask', '17', '2018-05-12 16:32:37.000', null, null, '');
INSERT INTO `act_hi_actinst` VALUES ('25017', 'ResignationBean:1:20004', '25016', '25016', 'startevent1', null, null, 'Start', 'startEvent', null, '2018-05-12 21:48:39.000', '2018-05-12 21:48:39.000', '1', '');
INSERT INTO `act_hi_actinst` VALUES ('25019', 'ResignationBean:1:20004', '25016', '25016', 'usertask5', '25020', null, '', 'userTask', '23', '2018-05-12 21:48:39.000', '2018-05-12 21:49:29.000', '50511', '');
INSERT INTO `act_hi_actinst` VALUES ('25024', 'ResignationBean:1:20004', '25016', '25016', 'parallelgateway1', null, null, 'Parallel Gateway', 'parallelGateway', null, '2018-05-12 21:49:29.000', '2018-05-12 21:49:29.000', '0', '');
INSERT INTO `act_hi_actinst` VALUES ('25028', 'ResignationBean:1:20004', '25016', '25025', 'usertask1', '25029', null, '', 'userTask', '16', '2018-05-12 21:49:29.000', '2018-05-12 21:52:16.000', '167158', '');
INSERT INTO `act_hi_actinst` VALUES ('25031', 'ResignationBean:1:20004', '25016', '25026', 'usertask2', '25032', null, '', 'userTask', '20', '2018-05-12 21:49:29.000', '2018-05-12 21:55:36.000', '367764', '');
INSERT INTO `act_hi_actinst` VALUES ('25034', 'ResignationBean:1:20004', '25016', '25027', 'usertask3', '25035', null, '', 'userTask', '21', '2018-05-12 21:49:29.000', '2018-05-12 21:53:35.000', '246828', '');
INSERT INTO `act_hi_actinst` VALUES ('25039', 'ResignationBean:1:20004', '25016', '25025', 'parallelgateway2', null, null, 'Parallel Gateway', 'parallelGateway', null, '2018-05-12 21:52:16.000', '2018-05-12 21:52:16.000', '4', '');
INSERT INTO `act_hi_actinst` VALUES ('25042', 'ResignationBean:1:20004', '25016', '25027', 'parallelgateway2', null, null, 'Parallel Gateway', 'parallelGateway', null, '2018-05-12 21:53:35.000', '2018-05-12 21:53:35.000', '2', '');
INSERT INTO `act_hi_actinst` VALUES ('25045', 'ResignationBean:1:20004', '25016', '25026', 'parallelgateway2', null, null, 'Parallel Gateway', 'parallelGateway', null, '2018-05-12 21:55:36.000', '2018-05-12 21:55:36.000', '4', '');
INSERT INTO `act_hi_actinst` VALUES ('25046', 'ResignationBean:1:20004', '25016', '25016', 'usertask4', '25047', null, '', 'userTask', '19', '2018-05-12 21:55:37.000', null, null, '');
INSERT INTO `act_hi_actinst` VALUES ('25051', 'ResignationBean:1:20004', '20005', '20005', 'endevent1', null, null, 'End', 'endEvent', null, '2018-05-12 21:58:34.000', '2018-05-12 21:58:34.000', '1', '');
INSERT INTO `act_hi_actinst` VALUES ('27502', 'ResignationBean:1:20004', '27501', '27501', 'startevent1', null, null, 'Start', 'startEvent', null, '2018-05-13 10:23:14.000', '2018-05-13 10:23:14.000', '21', '');
INSERT INTO `act_hi_actinst` VALUES ('27504', 'ResignationBean:1:20004', '27501', '27501', 'usertask5', '27505', null, '', 'userTask', '24', '2018-05-13 10:23:14.000', '2018-05-13 10:23:40.000', '26938', '');
INSERT INTO `act_hi_actinst` VALUES ('27509', 'ResignationBean:1:20004', '27501', '27501', 'parallelgateway1', null, null, 'Parallel Gateway', 'parallelGateway', null, '2018-05-13 10:23:40.000', '2018-05-13 10:23:40.000', '0', '');
INSERT INTO `act_hi_actinst` VALUES ('27513', 'ResignationBean:1:20004', '27501', '27510', 'usertask1', '27514', null, '', 'userTask', '16', '2018-05-13 10:23:40.000', '2018-05-13 10:25:41.000', '121018', '');
INSERT INTO `act_hi_actinst` VALUES ('27516', 'ResignationBean:1:20004', '27501', '27511', 'usertask2', '27517', null, '', 'userTask', '20', '2018-05-13 10:23:40.000', '2018-05-13 10:28:40.000', '300556', '');
INSERT INTO `act_hi_actinst` VALUES ('27519', 'ResignationBean:1:20004', '27501', '27512', 'usertask3', '27520', null, '', 'userTask', '21', '2018-05-13 10:23:40.000', '2018-05-13 10:29:12.000', '332927', '');
INSERT INTO `act_hi_actinst` VALUES ('27524', 'ResignationBean:1:20004', '27501', '27510', 'parallelgateway2', null, null, 'Parallel Gateway', 'parallelGateway', null, '2018-05-13 10:25:41.000', '2018-05-13 10:25:41.000', '3', '');
INSERT INTO `act_hi_actinst` VALUES ('27527', 'ResignationBean:1:20004', '27501', '27511', 'parallelgateway2', null, null, 'Parallel Gateway', 'parallelGateway', null, '2018-05-13 10:28:40.000', '2018-05-13 10:28:40.000', '4', '');
INSERT INTO `act_hi_actinst` VALUES ('27530', 'ResignationBean:1:20004', '27501', '27512', 'parallelgateway2', null, null, 'Parallel Gateway', 'parallelGateway', null, '2018-05-13 10:29:12.000', '2018-05-13 10:29:12.000', '3', '');
INSERT INTO `act_hi_actinst` VALUES ('27531', 'ResignationBean:1:20004', '27501', '27501', 'usertask4', '27532', null, '', 'userTask', '19', '2018-05-13 10:29:12.000', '2018-05-13 10:30:51.000', '99143', '');
INSERT INTO `act_hi_actinst` VALUES ('27536', 'ResignationBean:1:20004', '27501', '27501', 'endevent1', null, null, 'End', 'endEvent', null, '2018-05-13 10:30:51.000', '2018-05-13 10:30:51.000', '0', '');
INSERT INTO `act_hi_actinst` VALUES ('27539', 'LeaveBean:1:15004', '27537', '27537', 'startevent1', null, null, 'Start', 'startEvent', null, '2018-05-13 10:32:54.000', '2018-05-13 10:32:54.000', '1', '');
INSERT INTO `act_hi_actinst` VALUES ('27541', 'LeaveBean:1:15004', '27537', '27537', 'usertask1', '27542', null, '', 'userTask', '24', '2018-05-13 10:32:54.000', '2018-05-13 10:34:22.000', '88416', '');
INSERT INTO `act_hi_actinst` VALUES ('27546', 'LeaveBean:1:15004', '27537', '27537', 'usertask2', '27547', null, '', 'userTask', '16', '2018-05-13 10:34:22.000', '2018-05-13 10:35:25.000', '63821', '');
INSERT INTO `act_hi_actinst` VALUES ('27552', 'LeaveBean:1:15004', '27537', '27537', 'usertask3', '27553', null, '', 'userTask', '17', '2018-05-13 10:35:25.000', '2018-05-13 10:40:36.000', '311494', '');
INSERT INTO `act_hi_actinst` VALUES ('27557', 'LeaveBean:1:15004', '27537', '27537', 'usertask1', '27558', null, '', 'userTask', '24', '2018-05-13 10:40:36.000', null, null, '');

-- ----------------------------
-- Table structure for act_hi_attachment
-- ----------------------------
DROP TABLE IF EXISTS `act_hi_attachment`;
CREATE TABLE `act_hi_attachment` (
  `ID_` varchar(64) COLLATE utf8_bin NOT NULL,
  `REV_` int(11) DEFAULT NULL,
  `USER_ID_` varchar(255) COLLATE utf8_bin DEFAULT NULL,
  `NAME_` varchar(255) COLLATE utf8_bin DEFAULT NULL,
  `DESCRIPTION_` varchar(4000) COLLATE utf8_bin DEFAULT NULL,
  `TYPE_` varchar(255) COLLATE utf8_bin DEFAULT NULL,
  `TASK_ID_` varchar(64) COLLATE utf8_bin DEFAULT NULL,
  `PROC_INST_ID_` varchar(64) COLLATE utf8_bin DEFAULT NULL,
  `URL_` varchar(4000) COLLATE utf8_bin DEFAULT NULL,
  `CONTENT_ID_` varchar(64) COLLATE utf8_bin DEFAULT NULL,
  `TIME_` datetime(3) DEFAULT NULL,
  PRIMARY KEY (`ID_`)
) ENGINE=InnoDB DEFAULT CHARSET=utf8 COLLATE=utf8_bin;

-- ----------------------------
-- Records of act_hi_attachment
-- ----------------------------

-- ----------------------------
-- Table structure for act_hi_comment
-- ----------------------------
DROP TABLE IF EXISTS `act_hi_comment`;
CREATE TABLE `act_hi_comment` (
  `ID_` varchar(64) COLLATE utf8_bin NOT NULL,
  `TYPE_` varchar(255) COLLATE utf8_bin DEFAULT NULL,
  `TIME_` datetime(3) NOT NULL,
  `USER_ID_` varchar(255) COLLATE utf8_bin DEFAULT NULL,
  `TASK_ID_` varchar(64) COLLATE utf8_bin DEFAULT NULL,
  `PROC_INST_ID_` varchar(64) COLLATE utf8_bin DEFAULT NULL,
  `ACTION_` varchar(255) COLLATE utf8_bin DEFAULT NULL,
  `MESSAGE_` varchar(4000) COLLATE utf8_bin DEFAULT NULL,
  `FULL_MSG_` longblob,
  PRIMARY KEY (`ID_`)
) ENGINE=InnoDB DEFAULT CHARSET=utf8 COLLATE=utf8_bin;

-- ----------------------------
-- Records of act_hi_comment
-- ----------------------------
INSERT INTO `act_hi_comment` VALUES ('17501', 'comment', '2018-03-25 16:29:25.000', 'admin', '15009', '15005', 'AddComment', '', 0xE68891E683B3E8AFB7E58187E38082);
INSERT INTO `act_hi_comment` VALUES ('17506', 'comment', '2018-03-25 16:34:01.000', '', '17504', '15005', 'AddComment', '', 0xE4B88DE8A18CEFBC8CE6988EE5A4A9E9A1B9E79BAEE4B88AE7BABFE38082);
INSERT INTO `act_hi_comment` VALUES ('22515', 'comment', '2018-05-08 17:29:36.000', '', '22507', '20005', 'AddComment', '', 0xE5908CE6848FE5989B);
INSERT INTO `act_hi_comment` VALUES ('22518', 'comment', '2018-05-08 17:35:55.000', '', '22513', '20005', 'AddComment', '', 0xE5A5BDE5989B);
INSERT INTO `act_hi_comment` VALUES ('22521', 'comment', '2018-05-08 17:36:44.000', '', '22510', '20005', 'AddComment', '', 0xE58EBBE590A7);
INSERT INTO `act_hi_comment` VALUES ('25007', 'comment', '2018-05-12 16:31:30.000', '', '25005', '25001', 'AddComment', '', 0xE58AA1E5BF85E9809AE8BF87);
INSERT INTO `act_hi_comment` VALUES ('25011', 'comment', '2018-05-12 16:32:37.000', '', '25010', '25001', 'AddComment', 'OK', 0x4F4BE38081);
INSERT INTO `act_hi_comment` VALUES ('25022', 'comment', '2018-05-12 21:49:29.000', '', '25020', '25016', 'AddComment', '', 0xE8AFB7E9A286E5AFBCE689B9E58786);
INSERT INTO `act_hi_comment` VALUES ('25037', 'comment', '2018-05-12 21:52:16.000', '', '25029', '25016', 'AddComment', '', 0xE5908CE6848F);
INSERT INTO `act_hi_comment` VALUES ('25040', 'comment', '2018-05-12 21:53:35.000', '', '25035', '25016', 'AddComment', '', 0xE5908CE6848F);
INSERT INTO `act_hi_comment` VALUES ('25043', 'comment', '2018-05-12 21:55:36.000', '', '25032', '25016', 'AddComment', '', 0xE5908CE6848F);
INSERT INTO `act_hi_comment` VALUES ('25049', 'comment', '2018-05-12 21:58:34.000', '', '22525', '20005', 'AddComment', '', 0xE58EBBE590A7);
INSERT INTO `act_hi_comment` VALUES ('27507', 'comment', '2018-05-13 10:23:40.000', '', '27505', '27501', 'AddComment', '', 0xE8AFB7E694BEE68891E8B5B0);
INSERT INTO `act_hi_comment` VALUES ('27522', 'comment', '2018-05-13 10:25:40.000', '', '27514', '27501', 'AddComment', '', 0xE5908CE6848F);
INSERT INTO `act_hi_comment` VALUES ('27525', 'comment', '2018-05-13 10:28:40.000', '', '27517', '27501', 'AddComment', '', 0xE5908CE6848F);
INSERT INTO `act_hi_comment` VALUES ('27528', 'comment', '2018-05-13 10:29:12.000', '', '27520', '27501', 'AddComment', '', 0xE5908CE6848F);
INSERT INTO `act_hi_comment` VALUES ('27534', 'comment', '2018-05-13 10:30:51.000', '', '27532', '27501', 'AddComment', '', 0xE5908CE6848F);
INSERT INTO `act_hi_comment` VALUES ('27544', 'comment', '2018-05-13 10:34:22.000', '', '27542', '27537', 'AddComment', '', 0xE8AFB7E9A286E5AFBCE689B9E58786);
INSERT INTO `act_hi_comment` VALUES ('27549', 'comment', '2018-05-13 10:35:25.000', '', '27547', '27537', 'AddComment', '', 0xE5908CE6848F);
INSERT INTO `act_hi_comment` VALUES ('27555', 'comment', '2018-05-13 10:40:36.000', '', '27553', '27537', 'AddComment', '', 0xE4B88DE8A18CEFBC8CE585ACE58FB8E69C89E4BA8BEFBC8CE4BA8BE4B89AE4B8BAE9878D);

-- ----------------------------
-- Table structure for act_hi_detail
-- ----------------------------
DROP TABLE IF EXISTS `act_hi_detail`;
CREATE TABLE `act_hi_detail` (
  `ID_` varchar(64) COLLATE utf8_bin NOT NULL,
  `TYPE_` varchar(255) COLLATE utf8_bin NOT NULL,
  `PROC_INST_ID_` varchar(64) COLLATE utf8_bin DEFAULT NULL,
  `EXECUTION_ID_` varchar(64) COLLATE utf8_bin DEFAULT NULL,
  `TASK_ID_` varchar(64) COLLATE utf8_bin DEFAULT NULL,
  `ACT_INST_ID_` varchar(64) COLLATE utf8_bin DEFAULT NULL,
  `NAME_` varchar(255) COLLATE utf8_bin NOT NULL,
  `VAR_TYPE_` varchar(255) COLLATE utf8_bin DEFAULT NULL,
  `REV_` int(11) DEFAULT NULL,
  `TIME_` datetime(3) NOT NULL,
  `BYTEARRAY_ID_` varchar(64) COLLATE utf8_bin DEFAULT NULL,
  `DOUBLE_` double DEFAULT NULL,
  `LONG_` bigint(20) DEFAULT NULL,
  `TEXT_` varchar(4000) COLLATE utf8_bin DEFAULT NULL,
  `TEXT2_` varchar(4000) COLLATE utf8_bin DEFAULT NULL,
  PRIMARY KEY (`ID_`),
  KEY `ACT_IDX_HI_DETAIL_PROC_INST` (`PROC_INST_ID_`),
  KEY `ACT_IDX_HI_DETAIL_ACT_INST` (`ACT_INST_ID_`),
  KEY `ACT_IDX_HI_DETAIL_TIME` (`TIME_`),
  KEY `ACT_IDX_HI_DETAIL_NAME` (`NAME_`),
  KEY `ACT_IDX_HI_DETAIL_TASK_ID` (`TASK_ID_`)
) ENGINE=InnoDB DEFAULT CHARSET=utf8 COLLATE=utf8_bin;

-- ----------------------------
-- Records of act_hi_detail
-- ----------------------------

-- ----------------------------
-- Table structure for act_hi_identitylink
-- ----------------------------
DROP TABLE IF EXISTS `act_hi_identitylink`;
CREATE TABLE `act_hi_identitylink` (
  `ID_` varchar(64) COLLATE utf8_bin NOT NULL,
  `GROUP_ID_` varchar(255) COLLATE utf8_bin DEFAULT NULL,
  `TYPE_` varchar(255) COLLATE utf8_bin DEFAULT NULL,
  `USER_ID_` varchar(255) COLLATE utf8_bin DEFAULT NULL,
  `TASK_ID_` varchar(64) COLLATE utf8_bin DEFAULT NULL,
  `PROC_INST_ID_` varchar(64) COLLATE utf8_bin DEFAULT NULL,
  PRIMARY KEY (`ID_`),
  KEY `ACT_IDX_HI_IDENT_LNK_USER` (`USER_ID_`),
  KEY `ACT_IDX_HI_IDENT_LNK_TASK` (`TASK_ID_`),
  KEY `ACT_IDX_HI_IDENT_LNK_PROCINST` (`PROC_INST_ID_`)
) ENGINE=InnoDB DEFAULT CHARSET=utf8 COLLATE=utf8_bin;

-- ----------------------------
-- Records of act_hi_identitylink
-- ----------------------------
INSERT INTO `act_hi_identitylink` VALUES ('15010', null, 'participant', '1', null, '15005');
INSERT INTO `act_hi_identitylink` VALUES ('17502', null, 'participant', 'admin', null, '15005');
INSERT INTO `act_hi_identitylink` VALUES ('17505', null, 'participant', '16', null, '15005');
INSERT INTO `act_hi_identitylink` VALUES ('17508', null, 'participant', '', null, '15005');
INSERT INTO `act_hi_identitylink` VALUES ('20010', null, 'participant', '1', null, '20005');
INSERT INTO `act_hi_identitylink` VALUES ('22501', null, 'participant', 'admin', null, '20005');
INSERT INTO `act_hi_identitylink` VALUES ('22508', null, 'participant', '16', null, '20005');
INSERT INTO `act_hi_identitylink` VALUES ('22511', null, 'participant', '20', null, '20005');
INSERT INTO `act_hi_identitylink` VALUES ('22514', null, 'participant', '21', null, '20005');
INSERT INTO `act_hi_identitylink` VALUES ('22516', null, 'participant', '', null, '20005');
INSERT INTO `act_hi_identitylink` VALUES ('22519', null, 'participant', '', null, '20005');
INSERT INTO `act_hi_identitylink` VALUES ('22522', null, 'participant', '', null, '20005');
INSERT INTO `act_hi_identitylink` VALUES ('22526', null, 'participant', '19', null, '20005');
INSERT INTO `act_hi_identitylink` VALUES ('25006', null, 'participant', '16', null, '25001');
INSERT INTO `act_hi_identitylink` VALUES ('25008', null, 'participant', '', null, '25001');
INSERT INTO `act_hi_identitylink` VALUES ('25015', null, 'participant', '17', null, '25001');
INSERT INTO `act_hi_identitylink` VALUES ('25021', null, 'participant', '23', null, '25016');
INSERT INTO `act_hi_identitylink` VALUES ('25023', null, 'participant', '', null, '25016');
INSERT INTO `act_hi_identitylink` VALUES ('25030', null, 'participant', '16', null, '25016');
INSERT INTO `act_hi_identitylink` VALUES ('25033', null, 'participant', '20', null, '25016');
INSERT INTO `act_hi_identitylink` VALUES ('25036', null, 'participant', '21', null, '25016');
INSERT INTO `act_hi_identitylink` VALUES ('25038', null, 'participant', '', null, '25016');
INSERT INTO `act_hi_identitylink` VALUES ('25041', null, 'participant', '', null, '25016');
INSERT INTO `act_hi_identitylink` VALUES ('25044', null, 'participant', '', null, '25016');
INSERT INTO `act_hi_identitylink` VALUES ('25048', null, 'participant', '19', null, '25016');
INSERT INTO `act_hi_identitylink` VALUES ('25050', null, 'participant', '', null, '20005');
INSERT INTO `act_hi_identitylink` VALUES ('27506', null, 'participant', '24', null, '27501');
INSERT INTO `act_hi_identitylink` VALUES ('27508', null, 'participant', '', null, '27501');
INSERT INTO `act_hi_identitylink` VALUES ('27515', null, 'participant', '16', null, '27501');
INSERT INTO `act_hi_identitylink` VALUES ('27518', null, 'participant', '20', null, '27501');
INSERT INTO `act_hi_identitylink` VALUES ('27521', null, 'participant', '21', null, '27501');
INSERT INTO `act_hi_identitylink` VALUES ('27523', null, 'participant', '', null, '27501');
INSERT INTO `act_hi_identitylink` VALUES ('27526', null, 'participant', '', null, '27501');
INSERT INTO `act_hi_identitylink` VALUES ('27529', null, 'participant', '', null, '27501');
INSERT INTO `act_hi_identitylink` VALUES ('27533', null, 'participant', '19', null, '27501');
INSERT INTO `act_hi_identitylink` VALUES ('27535', null, 'participant', '', null, '27501');
INSERT INTO `act_hi_identitylink` VALUES ('27538', null, 'starter', '', null, '27537');
INSERT INTO `act_hi_identitylink` VALUES ('27543', null, 'participant', '24', null, '27537');
INSERT INTO `act_hi_identitylink` VALUES ('27545', null, 'participant', '', null, '27537');
INSERT INTO `act_hi_identitylink` VALUES ('27548', null, 'participant', '16', null, '27537');
INSERT INTO `act_hi_identitylink` VALUES ('27551', null, 'participant', '', null, '27537');
INSERT INTO `act_hi_identitylink` VALUES ('27554', null, 'participant', '17', null, '27537');
INSERT INTO `act_hi_identitylink` VALUES ('27556', null, 'participant', '', null, '27537');

-- ----------------------------
-- Table structure for act_hi_procinst
-- ----------------------------
DROP TABLE IF EXISTS `act_hi_procinst`;
CREATE TABLE `act_hi_procinst` (
  `ID_` varchar(64) COLLATE utf8_bin NOT NULL,
  `PROC_INST_ID_` varchar(64) COLLATE utf8_bin NOT NULL,
  `BUSINESS_KEY_` varchar(255) COLLATE utf8_bin DEFAULT NULL,
  `PROC_DEF_ID_` varchar(64) COLLATE utf8_bin NOT NULL,
  `START_TIME_` datetime(3) NOT NULL,
  `END_TIME_` datetime(3) DEFAULT NULL,
  `DURATION_` bigint(20) DEFAULT NULL,
  `START_USER_ID_` varchar(255) COLLATE utf8_bin DEFAULT NULL,
  `START_ACT_ID_` varchar(255) COLLATE utf8_bin DEFAULT NULL,
  `END_ACT_ID_` varchar(255) COLLATE utf8_bin DEFAULT NULL,
  `SUPER_PROCESS_INSTANCE_ID_` varchar(64) COLLATE utf8_bin DEFAULT NULL,
  `DELETE_REASON_` varchar(4000) COLLATE utf8_bin DEFAULT NULL,
  `TENANT_ID_` varchar(255) COLLATE utf8_bin DEFAULT '',
  `NAME_` varchar(255) COLLATE utf8_bin DEFAULT NULL,
  PRIMARY KEY (`ID_`),
  UNIQUE KEY `PROC_INST_ID_` (`PROC_INST_ID_`),
  KEY `ACT_IDX_HI_PRO_INST_END` (`END_TIME_`),
  KEY `ACT_IDX_HI_PRO_I_BUSKEY` (`BUSINESS_KEY_`)
) ENGINE=InnoDB DEFAULT CHARSET=utf8 COLLATE=utf8_bin;

-- ----------------------------
-- Records of act_hi_procinst
-- ----------------------------
INSERT INTO `act_hi_procinst` VALUES ('15005', '15005', 'LeaveBean.24', 'LeaveBean:1:15004', '2018-03-25 15:32:20.000', null, null, null, 'startevent1', null, null, null, '', null);
INSERT INTO `act_hi_procinst` VALUES ('20005', '20005', 'ResignationBean.89', 'ResignationBean:1:20004', '2018-05-08 15:58:24.000', '2018-05-12 21:58:34.000', '367210995', null, 'startevent1', 'endevent1', null, null, '', null);
INSERT INTO `act_hi_procinst` VALUES ('25001', '25001', 'LeaveBean.25', 'LeaveBean:1:15004', '2018-05-12 16:30:53.000', null, null, null, 'startevent1', null, null, null, '', null);
INSERT INTO `act_hi_procinst` VALUES ('25016', '25016', 'ResignationBean.90', 'ResignationBean:1:20004', '2018-05-12 21:48:39.000', null, null, null, 'startevent1', null, null, null, '', null);
INSERT INTO `act_hi_procinst` VALUES ('27501', '27501', 'ResignationBean.91', 'ResignationBean:1:20004', '2018-05-13 10:23:14.000', '2018-05-13 10:30:51.000', '457144', null, 'startevent1', 'endevent1', null, null, '', null);
INSERT INTO `act_hi_procinst` VALUES ('27537', '27537', 'LeaveBean.26', 'LeaveBean:1:15004', '2018-05-13 10:32:54.000', null, null, '', 'startevent1', null, null, null, '', null);

-- ----------------------------
-- Table structure for act_hi_taskinst
-- ----------------------------
DROP TABLE IF EXISTS `act_hi_taskinst`;
CREATE TABLE `act_hi_taskinst` (
  `ID_` varchar(64) COLLATE utf8_bin NOT NULL,
  `PROC_DEF_ID_` varchar(64) COLLATE utf8_bin DEFAULT NULL,
  `TASK_DEF_KEY_` varchar(255) COLLATE utf8_bin DEFAULT NULL,
  `PROC_INST_ID_` varchar(64) COLLATE utf8_bin DEFAULT NULL,
  `EXECUTION_ID_` varchar(64) COLLATE utf8_bin DEFAULT NULL,
  `NAME_` varchar(255) COLLATE utf8_bin DEFAULT NULL,
  `PARENT_TASK_ID_` varchar(64) COLLATE utf8_bin DEFAULT NULL,
  `DESCRIPTION_` varchar(4000) COLLATE utf8_bin DEFAULT NULL,
  `OWNER_` varchar(255) COLLATE utf8_bin DEFAULT NULL,
  `ASSIGNEE_` varchar(255) COLLATE utf8_bin DEFAULT NULL,
  `START_TIME_` datetime(3) NOT NULL,
  `CLAIM_TIME_` datetime(3) DEFAULT NULL,
  `END_TIME_` datetime(3) DEFAULT NULL,
  `DURATION_` bigint(20) DEFAULT NULL,
  `DELETE_REASON_` varchar(4000) COLLATE utf8_bin DEFAULT NULL,
  `PRIORITY_` int(11) DEFAULT NULL,
  `DUE_DATE_` datetime(3) DEFAULT NULL,
  `FORM_KEY_` varchar(255) COLLATE utf8_bin DEFAULT NULL,
  `CATEGORY_` varchar(255) COLLATE utf8_bin DEFAULT NULL,
  `TENANT_ID_` varchar(255) COLLATE utf8_bin DEFAULT '',
  PRIMARY KEY (`ID_`),
  KEY `ACT_IDX_HI_TASK_INST_PROCINST` (`PROC_INST_ID_`)
) ENGINE=InnoDB DEFAULT CHARSET=utf8 COLLATE=utf8_bin;

-- ----------------------------
-- Records of act_hi_taskinst
-- ----------------------------
INSERT INTO `act_hi_taskinst` VALUES ('15009', 'LeaveBean:1:15004', 'usertask1', '15005', '15005', '', null, null, null, '1', '2018-03-25 15:32:20.000', null, '2018-03-25 16:29:25.000', '3425870', 'completed', '50', null, '/activitimgr/processTask/gotoLeaveProcessTaskDetail', null, '');
INSERT INTO `act_hi_taskinst` VALUES ('17504', 'LeaveBean:1:15004', 'usertask2', '15005', '15005', '', null, null, null, '16', '2018-03-25 16:29:25.000', null, '2018-03-25 16:34:01.000', '276747', 'completed', '50', null, '/activitimgr/processTask/gotoLeaveProcessTaskDetail', null, '');
INSERT INTO `act_hi_taskinst` VALUES ('17510', 'LeaveBean:1:15004', 'usertask1', '15005', '15005', '', null, null, null, '1', '2018-03-25 16:34:01.000', null, null, null, null, '50', null, '/activitimgr/processTask/gotoLeaveProcessTaskDetail', null, '');
INSERT INTO `act_hi_taskinst` VALUES ('20009', 'ResignationBean:1:20004', 'usertask5', '20005', '20005', '', null, null, null, '1', '2018-05-08 15:58:24.000', null, '2018-05-08 17:27:54.000', '5370594', 'completed', '50', null, '/activitimgr/processTask/gotoResignationProcessTaskDetail', null, '');
INSERT INTO `act_hi_taskinst` VALUES ('22507', 'ResignationBean:1:20004', 'usertask1', '20005', '22503', '', null, null, null, '16', '2018-05-08 17:27:54.000', null, '2018-05-08 17:29:36.000', '102936', 'completed', '50', null, '/activitimgr/processTask/gotoResignationProcessTaskDetail', null, '');
INSERT INTO `act_hi_taskinst` VALUES ('22510', 'ResignationBean:1:20004', 'usertask2', '20005', '22504', '', null, null, null, '20', '2018-05-08 17:27:54.000', null, '2018-05-08 17:36:44.000', '530133', 'completed', '50', null, '/activitimgr/processTask/gotoResignationProcessTaskDetail', null, '');
INSERT INTO `act_hi_taskinst` VALUES ('22513', 'ResignationBean:1:20004', 'usertask3', '20005', '22505', '', null, null, null, '21', '2018-05-08 17:27:54.000', null, '2018-05-08 17:35:55.000', '481306', 'completed', '50', null, '/activitimgr/processTask/gotoResignationProcessTaskDetail', null, '');
INSERT INTO `act_hi_taskinst` VALUES ('22525', 'ResignationBean:1:20004', 'usertask4', '20005', '20005', '', null, null, null, '19', '2018-05-08 17:36:44.000', null, '2018-05-12 21:58:34.000', '361310889', 'completed', '50', null, '/activitimgr/processTask/gotoResignationProcessTaskDetail', null, '');
INSERT INTO `act_hi_taskinst` VALUES ('25005', 'LeaveBean:1:15004', 'usertask1', '25001', '25001', '', null, null, null, '16', '2018-05-12 16:30:53.000', null, '2018-05-12 16:31:31.000', '38106', 'completed', '50', null, '/activitimgr/processTask/gotoLeaveProcessTaskDetail', null, '');
INSERT INTO `act_hi_taskinst` VALUES ('25010', 'LeaveBean:1:15004', 'usertask2', '25001', '25001', '', null, null, null, '16', '2018-05-12 16:31:31.000', null, '2018-05-12 16:32:37.000', '66359', 'completed', '50', null, '/activitimgr/processTask/gotoLeaveProcessTaskDetail', null, '');
INSERT INTO `act_hi_taskinst` VALUES ('25014', 'LeaveBean:1:15004', 'usertask3', '25001', '25001', '', null, null, null, '17', '2018-05-12 16:32:37.000', null, null, null, null, '50', null, '/activitimgr/processTask/gotoLeaveProcessTaskDetail', null, '');
INSERT INTO `act_hi_taskinst` VALUES ('25020', 'ResignationBean:1:20004', 'usertask5', '25016', '25016', '', null, null, null, '23', '2018-05-12 21:48:39.000', null, '2018-05-12 21:49:29.000', '50509', 'completed', '50', null, '/activitimgr/processTask/gotoResignationProcessTaskDetail', null, '');
INSERT INTO `act_hi_taskinst` VALUES ('25029', 'ResignationBean:1:20004', 'usertask1', '25016', '25025', '', null, null, null, '16', '2018-05-12 21:49:29.000', null, '2018-05-12 21:52:16.000', '167137', 'completed', '50', null, '/activitimgr/processTask/gotoResignationProcessTaskDetail', null, '');
INSERT INTO `act_hi_taskinst` VALUES ('25032', 'ResignationBean:1:20004', 'usertask2', '25016', '25026', '', null, null, null, '20', '2018-05-12 21:49:29.000', null, '2018-05-12 21:55:36.000', '367761', 'completed', '50', null, '/activitimgr/processTask/gotoResignationProcessTaskDetail', null, '');
INSERT INTO `act_hi_taskinst` VALUES ('25035', 'ResignationBean:1:20004', 'usertask3', '25016', '25027', '', null, null, null, '21', '2018-05-12 21:49:29.000', null, '2018-05-12 21:53:35.000', '246824', 'completed', '50', null, '/activitimgr/processTask/gotoResignationProcessTaskDetail', null, '');
INSERT INTO `act_hi_taskinst` VALUES ('25047', 'ResignationBean:1:20004', 'usertask4', '25016', '25016', '', null, null, null, '19', '2018-05-12 21:55:37.000', null, null, null, null, '50', null, '/activitimgr/processTask/gotoResignationProcessTaskDetail', null, '');
INSERT INTO `act_hi_taskinst` VALUES ('27505', 'ResignationBean:1:20004', 'usertask5', '27501', '27501', '', null, null, null, '24', '2018-05-13 10:23:14.000', null, '2018-05-13 10:23:40.000', '26929', 'completed', '50', null, '/activitimgr/processTask/gotoResignationProcessTaskDetail', null, '');
INSERT INTO `act_hi_taskinst` VALUES ('27514', 'ResignationBean:1:20004', 'usertask1', '27501', '27510', '', null, null, null, '16', '2018-05-13 10:23:40.000', null, '2018-05-13 10:25:40.000', '120704', 'completed', '50', null, '/activitimgr/processTask/gotoResignationProcessTaskDetail', null, '');
INSERT INTO `act_hi_taskinst` VALUES ('27517', 'ResignationBean:1:20004', 'usertask2', '27501', '27511', '', null, null, null, '20', '2018-05-13 10:23:40.000', null, '2018-05-13 10:28:40.000', '300551', 'completed', '50', null, '/activitimgr/processTask/gotoResignationProcessTaskDetail', null, '');
INSERT INTO `act_hi_taskinst` VALUES ('27520', 'ResignationBean:1:20004', 'usertask3', '27501', '27512', '', null, null, null, '21', '2018-05-13 10:23:40.000', null, '2018-05-13 10:29:12.000', '332924', 'completed', '50', null, '/activitimgr/processTask/gotoResignationProcessTaskDetail', null, '');
INSERT INTO `act_hi_taskinst` VALUES ('27532', 'ResignationBean:1:20004', 'usertask4', '27501', '27501', '', null, null, null, '19', '2018-05-13 10:29:12.000', null, '2018-05-13 10:30:51.000', '99140', 'completed', '50', null, '/activitimgr/processTask/gotoResignationProcessTaskDetail', null, '');
INSERT INTO `act_hi_taskinst` VALUES ('27542', 'LeaveBean:1:15004', 'usertask1', '27537', '27537', '', null, null, null, '24', '2018-05-13 10:32:54.000', null, '2018-05-13 10:34:22.000', '88413', 'completed', '50', null, '/activitimgr/processTask/gotoLeaveProcessTaskDetail', null, '');
INSERT INTO `act_hi_taskinst` VALUES ('27547', 'LeaveBean:1:15004', 'usertask2', '27537', '27537', '', null, null, null, '16', '2018-05-13 10:34:22.000', null, '2018-05-13 10:35:25.000', '63816', 'completed', '50', null, '/activitimgr/processTask/gotoLeaveProcessTaskDetail', null, '');
INSERT INTO `act_hi_taskinst` VALUES ('27553', 'LeaveBean:1:15004', 'usertask3', '27537', '27537', '', null, null, null, '17', '2018-05-13 10:35:25.000', null, '2018-05-13 10:40:36.000', '311493', 'completed', '50', null, '/activitimgr/processTask/gotoLeaveProcessTaskDetail', null, '');
INSERT INTO `act_hi_taskinst` VALUES ('27558', 'LeaveBean:1:15004', 'usertask1', '27537', '27537', '', null, null, null, '24', '2018-05-13 10:40:36.000', null, null, null, null, '50', null, '/activitimgr/processTask/gotoLeaveProcessTaskDetail', null, '');

-- ----------------------------
-- Table structure for act_hi_varinst
-- ----------------------------
DROP TABLE IF EXISTS `act_hi_varinst`;
CREATE TABLE `act_hi_varinst` (
  `ID_` varchar(64) COLLATE utf8_bin NOT NULL,
  `PROC_INST_ID_` varchar(64) COLLATE utf8_bin DEFAULT NULL,
  `EXECUTION_ID_` varchar(64) COLLATE utf8_bin DEFAULT NULL,
  `TASK_ID_` varchar(64) COLLATE utf8_bin DEFAULT NULL,
  `NAME_` varchar(255) COLLATE utf8_bin NOT NULL,
  `VAR_TYPE_` varchar(100) COLLATE utf8_bin DEFAULT NULL,
  `REV_` int(11) DEFAULT NULL,
  `BYTEARRAY_ID_` varchar(64) COLLATE utf8_bin DEFAULT NULL,
  `DOUBLE_` double DEFAULT NULL,
  `LONG_` bigint(20) DEFAULT NULL,
  `TEXT_` varchar(4000) COLLATE utf8_bin DEFAULT NULL,
  `TEXT2_` varchar(4000) COLLATE utf8_bin DEFAULT NULL,
  `CREATE_TIME_` datetime(3) DEFAULT NULL,
  `LAST_UPDATED_TIME_` datetime(3) DEFAULT NULL,
  PRIMARY KEY (`ID_`),
  KEY `ACT_IDX_HI_PROCVAR_PROC_INST` (`PROC_INST_ID_`),
  KEY `ACT_IDX_HI_PROCVAR_NAME_TYPE` (`NAME_`,`VAR_TYPE_`),
  KEY `ACT_IDX_HI_PROCVAR_TASK_ID` (`TASK_ID_`)
) ENGINE=InnoDB DEFAULT CHARSET=utf8 COLLATE=utf8_bin;

-- ----------------------------
-- Records of act_hi_varinst
-- ----------------------------
INSERT INTO `act_hi_varinst` VALUES ('15007', '15005', '15005', null, 'userId', 'long', '0', null, null, '1', '1', null, '2018-03-25 15:32:20.000', '2018-03-25 15:32:20.000');
INSERT INTO `act_hi_varinst` VALUES ('17507', '15005', '15005', null, 'outcome', 'string', '0', null, null, null, '', null, '2018-03-25 16:34:01.000', '2018-03-25 16:34:01.000');
INSERT INTO `act_hi_varinst` VALUES ('20007', '20005', '20005', null, 'userId', 'long', '1', null, null, '1', '1', null, '2018-05-08 15:58:24.000', '2018-05-12 21:58:35.000');
INSERT INTO `act_hi_varinst` VALUES ('25003', '25001', '25001', null, 'userId', 'long', '0', null, null, '16', '16', null, '2018-05-12 16:30:53.000', '2018-05-12 16:30:53.000');
INSERT INTO `act_hi_varinst` VALUES ('25012', '25001', '25001', null, 'outcome', 'string', '0', null, null, null, '', null, '2018-05-12 16:32:37.000', '2018-05-12 16:32:37.000');
INSERT INTO `act_hi_varinst` VALUES ('25018', '25016', '25016', null, 'userId', 'long', '0', null, null, '23', '23', null, '2018-05-12 21:48:39.000', '2018-05-12 21:48:39.000');
INSERT INTO `act_hi_varinst` VALUES ('27503', '27501', '27501', null, 'userId', 'long', '1', null, null, '24', '24', null, '2018-05-13 10:23:14.000', '2018-05-13 10:30:51.000');
INSERT INTO `act_hi_varinst` VALUES ('27540', '27537', '27537', null, 'userId', 'long', '0', null, null, '24', '24', null, '2018-05-13 10:32:54.000', '2018-05-13 10:32:54.000');
INSERT INTO `act_hi_varinst` VALUES ('27550', '27537', '27537', null, 'outcome', 'string', '1', null, null, null, '', null, '2018-05-13 10:35:25.000', '2018-05-13 10:40:36.000');

-- ----------------------------
-- Table structure for act_id_group
-- ----------------------------
DROP TABLE IF EXISTS `act_id_group`;
CREATE TABLE `act_id_group` (
  `ID_` varchar(64) COLLATE utf8_bin NOT NULL,
  `REV_` int(11) DEFAULT NULL,
  `NAME_` varchar(255) COLLATE utf8_bin DEFAULT NULL,
  `TYPE_` varchar(255) COLLATE utf8_bin DEFAULT NULL,
  PRIMARY KEY (`ID_`)
) ENGINE=InnoDB DEFAULT CHARSET=utf8 COLLATE=utf8_bin;

-- ----------------------------
-- Records of act_id_group
-- ----------------------------

-- ----------------------------
-- Table structure for act_id_info
-- ----------------------------
DROP TABLE IF EXISTS `act_id_info`;
CREATE TABLE `act_id_info` (
  `ID_` varchar(64) COLLATE utf8_bin NOT NULL,
  `REV_` int(11) DEFAULT NULL,
  `USER_ID_` varchar(64) COLLATE utf8_bin DEFAULT NULL,
  `TYPE_` varchar(64) COLLATE utf8_bin DEFAULT NULL,
  `KEY_` varchar(255) COLLATE utf8_bin DEFAULT NULL,
  `VALUE_` varchar(255) COLLATE utf8_bin DEFAULT NULL,
  `PASSWORD_` longblob,
  `PARENT_ID_` varchar(255) COLLATE utf8_bin DEFAULT NULL,
  PRIMARY KEY (`ID_`)
) ENGINE=InnoDB DEFAULT CHARSET=utf8 COLLATE=utf8_bin;

-- ----------------------------
-- Records of act_id_info
-- ----------------------------

-- ----------------------------
-- Table structure for act_id_membership
-- ----------------------------
DROP TABLE IF EXISTS `act_id_membership`;
CREATE TABLE `act_id_membership` (
  `USER_ID_` varchar(64) COLLATE utf8_bin NOT NULL,
  `GROUP_ID_` varchar(64) COLLATE utf8_bin NOT NULL,
  PRIMARY KEY (`USER_ID_`,`GROUP_ID_`),
  KEY `ACT_FK_MEMB_GROUP` (`GROUP_ID_`),
  CONSTRAINT `ACT_FK_MEMB_GROUP` FOREIGN KEY (`GROUP_ID_`) REFERENCES `act_id_group` (`ID_`),
  CONSTRAINT `ACT_FK_MEMB_USER` FOREIGN KEY (`USER_ID_`) REFERENCES `act_id_user` (`ID_`)
) ENGINE=InnoDB DEFAULT CHARSET=utf8 COLLATE=utf8_bin;

-- ----------------------------
-- Records of act_id_membership
-- ----------------------------

-- ----------------------------
-- Table structure for act_id_user
-- ----------------------------
DROP TABLE IF EXISTS `act_id_user`;
CREATE TABLE `act_id_user` (
  `ID_` varchar(64) COLLATE utf8_bin NOT NULL,
  `REV_` int(11) DEFAULT NULL,
  `FIRST_` varchar(255) COLLATE utf8_bin DEFAULT NULL,
  `LAST_` varchar(255) COLLATE utf8_bin DEFAULT NULL,
  `EMAIL_` varchar(255) COLLATE utf8_bin DEFAULT NULL,
  `PWD_` varchar(255) COLLATE utf8_bin DEFAULT NULL,
  `PICTURE_ID_` varchar(64) COLLATE utf8_bin DEFAULT NULL,
  PRIMARY KEY (`ID_`)
) ENGINE=InnoDB DEFAULT CHARSET=utf8 COLLATE=utf8_bin;

-- ----------------------------
-- Records of act_id_user
-- ----------------------------

-- ----------------------------
-- Table structure for act_re_deployment
-- ----------------------------
DROP TABLE IF EXISTS `act_re_deployment`;
CREATE TABLE `act_re_deployment` (
  `ID_` varchar(64) COLLATE utf8_bin NOT NULL,
  `NAME_` varchar(255) COLLATE utf8_bin DEFAULT NULL,
  `CATEGORY_` varchar(255) COLLATE utf8_bin DEFAULT NULL,
  `TENANT_ID_` varchar(255) COLLATE utf8_bin DEFAULT '',
  `DEPLOY_TIME_` timestamp(3) NOT NULL DEFAULT CURRENT_TIMESTAMP(3) ON UPDATE CURRENT_TIMESTAMP(3),
  PRIMARY KEY (`ID_`)
) ENGINE=InnoDB DEFAULT CHARSET=utf8 COLLATE=utf8_bin;

-- ----------------------------
-- Records of act_re_deployment
-- ----------------------------
INSERT INTO `act_re_deployment` VALUES ('15001', '', null, '', '2018-03-25 15:31:18.000');
INSERT INTO `act_re_deployment` VALUES ('20001', '', null, '', '2018-05-08 15:48:02.000');
INSERT INTO `act_re_deployment` VALUES ('27559', '', null, '', '2018-05-13 11:16:14.000');

-- ----------------------------
-- Table structure for act_re_model
-- ----------------------------
DROP TABLE IF EXISTS `act_re_model`;
CREATE TABLE `act_re_model` (
  `ID_` varchar(64) COLLATE utf8_bin NOT NULL,
  `REV_` int(11) DEFAULT NULL,
  `NAME_` varchar(255) COLLATE utf8_bin DEFAULT NULL,
  `KEY_` varchar(255) COLLATE utf8_bin DEFAULT NULL,
  `CATEGORY_` varchar(255) COLLATE utf8_bin DEFAULT NULL,
  `CREATE_TIME_` timestamp(3) NULL DEFAULT NULL,
  `LAST_UPDATE_TIME_` timestamp(3) NULL DEFAULT NULL,
  `VERSION_` int(11) DEFAULT NULL,
  `META_INFO_` varchar(4000) COLLATE utf8_bin DEFAULT NULL,
  `DEPLOYMENT_ID_` varchar(64) COLLATE utf8_bin DEFAULT NULL,
  `EDITOR_SOURCE_VALUE_ID_` varchar(64) COLLATE utf8_bin DEFAULT NULL,
  `EDITOR_SOURCE_EXTRA_VALUE_ID_` varchar(64) COLLATE utf8_bin DEFAULT NULL,
  `TENANT_ID_` varchar(255) COLLATE utf8_bin DEFAULT '',
  PRIMARY KEY (`ID_`),
  KEY `ACT_FK_MODEL_SOURCE` (`EDITOR_SOURCE_VALUE_ID_`),
  KEY `ACT_FK_MODEL_SOURCE_EXTRA` (`EDITOR_SOURCE_EXTRA_VALUE_ID_`),
  KEY `ACT_FK_MODEL_DEPLOYMENT` (`DEPLOYMENT_ID_`),
  CONSTRAINT `ACT_FK_MODEL_DEPLOYMENT` FOREIGN KEY (`DEPLOYMENT_ID_`) REFERENCES `act_re_deployment` (`ID_`),
  CONSTRAINT `ACT_FK_MODEL_SOURCE` FOREIGN KEY (`EDITOR_SOURCE_VALUE_ID_`) REFERENCES `act_ge_bytearray` (`ID_`),
  CONSTRAINT `ACT_FK_MODEL_SOURCE_EXTRA` FOREIGN KEY (`EDITOR_SOURCE_EXTRA_VALUE_ID_`) REFERENCES `act_ge_bytearray` (`ID_`)
) ENGINE=InnoDB DEFAULT CHARSET=utf8 COLLATE=utf8_bin;

-- ----------------------------
-- Records of act_re_model
-- ----------------------------

-- ----------------------------
-- Table structure for act_re_procdef
-- ----------------------------
DROP TABLE IF EXISTS `act_re_procdef`;
CREATE TABLE `act_re_procdef` (
  `ID_` varchar(64) COLLATE utf8_bin NOT NULL,
  `REV_` int(11) DEFAULT NULL,
  `CATEGORY_` varchar(255) COLLATE utf8_bin DEFAULT NULL,
  `NAME_` varchar(255) COLLATE utf8_bin DEFAULT NULL,
  `KEY_` varchar(255) COLLATE utf8_bin NOT NULL,
  `VERSION_` int(11) NOT NULL,
  `DEPLOYMENT_ID_` varchar(64) COLLATE utf8_bin DEFAULT NULL,
  `RESOURCE_NAME_` varchar(4000) COLLATE utf8_bin DEFAULT NULL,
  `DGRM_RESOURCE_NAME_` varchar(4000) COLLATE utf8_bin DEFAULT NULL,
  `DESCRIPTION_` varchar(4000) COLLATE utf8_bin DEFAULT NULL,
  `HAS_START_FORM_KEY_` tinyint(4) DEFAULT NULL,
  `HAS_GRAPHICAL_NOTATION_` tinyint(4) DEFAULT NULL,
  `SUSPENSION_STATE_` int(11) DEFAULT NULL,
  `TENANT_ID_` varchar(255) COLLATE utf8_bin DEFAULT '',
  PRIMARY KEY (`ID_`),
  UNIQUE KEY `ACT_UNIQ_PROCDEF` (`KEY_`,`VERSION_`,`TENANT_ID_`)
) ENGINE=InnoDB DEFAULT CHARSET=utf8 COLLATE=utf8_bin;

-- ----------------------------
-- Records of act_re_procdef
-- ----------------------------
INSERT INTO `act_re_procdef` VALUES ('LeaveBean:1:15004', '1', 'http://www.activiti.org/test', 'LeaveBeanProcess', 'LeaveBean', '1', '15001', 'LeaveBean.bpmn', 'LeaveBean.png', null, '0', '1', '1', '');
INSERT INTO `act_re_procdef` VALUES ('ResignationBean:1:20004', '1', 'http://www.activiti.org/test', 'ResignationBeanProcess', 'ResignationBean', '1', '20001', 'ResignationBean.bpmn', 'ResignationBean.png', null, '0', '1', '1', '');
INSERT INTO `act_re_procdef` VALUES ('ResignationBean:2:27562', '1', 'http://www.activiti.org/test', 'ResignationBeanProcess', 'ResignationBean', '2', '27559', 'ResignationBean.bpmn', 'ResignationBean.png', null, '0', '1', '1', '');

-- ----------------------------
-- Table structure for act_ru_event_subscr
-- ----------------------------
DROP TABLE IF EXISTS `act_ru_event_subscr`;
CREATE TABLE `act_ru_event_subscr` (
  `ID_` varchar(64) COLLATE utf8_bin NOT NULL,
  `REV_` int(11) DEFAULT NULL,
  `EVENT_TYPE_` varchar(255) COLLATE utf8_bin NOT NULL,
  `EVENT_NAME_` varchar(255) COLLATE utf8_bin DEFAULT NULL,
  `EXECUTION_ID_` varchar(64) COLLATE utf8_bin DEFAULT NULL,
  `PROC_INST_ID_` varchar(64) COLLATE utf8_bin DEFAULT NULL,
  `ACTIVITY_ID_` varchar(64) COLLATE utf8_bin DEFAULT NULL,
  `CONFIGURATION_` varchar(255) COLLATE utf8_bin DEFAULT NULL,
  `CREATED_` timestamp(3) NOT NULL DEFAULT CURRENT_TIMESTAMP(3),
  `PROC_DEF_ID_` varchar(64) COLLATE utf8_bin DEFAULT NULL,
  `TENANT_ID_` varchar(255) COLLATE utf8_bin DEFAULT '',
  PRIMARY KEY (`ID_`),
  KEY `ACT_IDX_EVENT_SUBSCR_CONFIG_` (`CONFIGURATION_`),
  KEY `ACT_FK_EVENT_EXEC` (`EXECUTION_ID_`),
  CONSTRAINT `ACT_FK_EVENT_EXEC` FOREIGN KEY (`EXECUTION_ID_`) REFERENCES `act_ru_execution` (`ID_`)
) ENGINE=InnoDB DEFAULT CHARSET=utf8 COLLATE=utf8_bin;

-- ----------------------------
-- Records of act_ru_event_subscr
-- ----------------------------

-- ----------------------------
-- Table structure for act_ru_execution
-- ----------------------------
DROP TABLE IF EXISTS `act_ru_execution`;
CREATE TABLE `act_ru_execution` (
  `ID_` varchar(64) COLLATE utf8_bin NOT NULL,
  `REV_` int(11) DEFAULT NULL,
  `PROC_INST_ID_` varchar(64) COLLATE utf8_bin DEFAULT NULL,
  `BUSINESS_KEY_` varchar(255) COLLATE utf8_bin DEFAULT NULL,
  `PARENT_ID_` varchar(64) COLLATE utf8_bin DEFAULT NULL,
  `PROC_DEF_ID_` varchar(64) COLLATE utf8_bin DEFAULT NULL,
  `SUPER_EXEC_` varchar(64) COLLATE utf8_bin DEFAULT NULL,
  `ACT_ID_` varchar(255) COLLATE utf8_bin DEFAULT NULL,
  `IS_ACTIVE_` tinyint(4) DEFAULT NULL,
  `IS_CONCURRENT_` tinyint(4) DEFAULT NULL,
  `IS_SCOPE_` tinyint(4) DEFAULT NULL,
  `IS_EVENT_SCOPE_` tinyint(4) DEFAULT NULL,
  `SUSPENSION_STATE_` int(11) DEFAULT NULL,
  `CACHED_ENT_STATE_` int(11) DEFAULT NULL,
  `TENANT_ID_` varchar(255) COLLATE utf8_bin DEFAULT '',
  `NAME_` varchar(255) COLLATE utf8_bin DEFAULT NULL,
  `LOCK_TIME_` timestamp(3) NULL DEFAULT NULL,
  PRIMARY KEY (`ID_`),
  KEY `ACT_IDX_EXEC_BUSKEY` (`BUSINESS_KEY_`),
  KEY `ACT_FK_EXE_PROCINST` (`PROC_INST_ID_`),
  KEY `ACT_FK_EXE_PARENT` (`PARENT_ID_`),
  KEY `ACT_FK_EXE_SUPER` (`SUPER_EXEC_`),
  KEY `ACT_FK_EXE_PROCDEF` (`PROC_DEF_ID_`),
  CONSTRAINT `ACT_FK_EXE_PARENT` FOREIGN KEY (`PARENT_ID_`) REFERENCES `act_ru_execution` (`ID_`),
  CONSTRAINT `ACT_FK_EXE_PROCDEF` FOREIGN KEY (`PROC_DEF_ID_`) REFERENCES `act_re_procdef` (`ID_`),
  CONSTRAINT `ACT_FK_EXE_PROCINST` FOREIGN KEY (`PROC_INST_ID_`) REFERENCES `act_ru_execution` (`ID_`) ON DELETE CASCADE ON UPDATE CASCADE,
  CONSTRAINT `ACT_FK_EXE_SUPER` FOREIGN KEY (`SUPER_EXEC_`) REFERENCES `act_ru_execution` (`ID_`)
) ENGINE=InnoDB DEFAULT CHARSET=utf8 COLLATE=utf8_bin;

-- ----------------------------
-- Records of act_ru_execution
-- ----------------------------
INSERT INTO `act_ru_execution` VALUES ('15005', '3', '15005', 'LeaveBean.24', null, 'LeaveBean:1:15004', null, 'usertask1', '1', '0', '1', '0', '1', '2', '', null, null);
INSERT INTO `act_ru_execution` VALUES ('25001', '3', '25001', 'LeaveBean.25', null, 'LeaveBean:1:15004', null, 'usertask3', '1', '0', '1', '0', '1', '2', '', null, null);
INSERT INTO `act_ru_execution` VALUES ('25016', '5', '25016', 'ResignationBean.90', null, 'ResignationBean:1:20004', null, 'usertask4', '1', '0', '1', '0', '1', '2', '', null, null);
INSERT INTO `act_ru_execution` VALUES ('27537', '4', '27537', 'LeaveBean.26', null, 'LeaveBean:1:15004', null, 'usertask1', '1', '0', '1', '0', '1', '2', '', null, null);

-- ----------------------------
-- Table structure for act_ru_identitylink
-- ----------------------------
DROP TABLE IF EXISTS `act_ru_identitylink`;
CREATE TABLE `act_ru_identitylink` (
  `ID_` varchar(64) COLLATE utf8_bin NOT NULL,
  `REV_` int(11) DEFAULT NULL,
  `GROUP_ID_` varchar(255) COLLATE utf8_bin DEFAULT NULL,
  `TYPE_` varchar(255) COLLATE utf8_bin DEFAULT NULL,
  `USER_ID_` varchar(255) COLLATE utf8_bin DEFAULT NULL,
  `TASK_ID_` varchar(64) COLLATE utf8_bin DEFAULT NULL,
  `PROC_INST_ID_` varchar(64) COLLATE utf8_bin DEFAULT NULL,
  `PROC_DEF_ID_` varchar(64) COLLATE utf8_bin DEFAULT NULL,
  PRIMARY KEY (`ID_`),
  KEY `ACT_IDX_IDENT_LNK_USER` (`USER_ID_`),
  KEY `ACT_IDX_IDENT_LNK_GROUP` (`GROUP_ID_`),
  KEY `ACT_IDX_ATHRZ_PROCEDEF` (`PROC_DEF_ID_`),
  KEY `ACT_FK_TSKASS_TASK` (`TASK_ID_`),
  KEY `ACT_FK_IDL_PROCINST` (`PROC_INST_ID_`),
  CONSTRAINT `ACT_FK_ATHRZ_PROCEDEF` FOREIGN KEY (`PROC_DEF_ID_`) REFERENCES `act_re_procdef` (`ID_`),
  CONSTRAINT `ACT_FK_IDL_PROCINST` FOREIGN KEY (`PROC_INST_ID_`) REFERENCES `act_ru_execution` (`ID_`),
  CONSTRAINT `ACT_FK_TSKASS_TASK` FOREIGN KEY (`TASK_ID_`) REFERENCES `act_ru_task` (`ID_`)
) ENGINE=InnoDB DEFAULT CHARSET=utf8 COLLATE=utf8_bin;

-- ----------------------------
-- Records of act_ru_identitylink
-- ----------------------------
INSERT INTO `act_ru_identitylink` VALUES ('15010', '1', null, 'participant', '1', null, '15005', null);
INSERT INTO `act_ru_identitylink` VALUES ('17502', '1', null, 'participant', 'admin', null, '15005', null);
INSERT INTO `act_ru_identitylink` VALUES ('17505', '1', null, 'participant', '16', null, '15005', null);
INSERT INTO `act_ru_identitylink` VALUES ('17508', '1', null, 'participant', '', null, '15005', null);
INSERT INTO `act_ru_identitylink` VALUES ('25006', '1', null, 'participant', '16', null, '25001', null);
INSERT INTO `act_ru_identitylink` VALUES ('25008', '1', null, 'participant', '', null, '25001', null);
INSERT INTO `act_ru_identitylink` VALUES ('25015', '1', null, 'participant', '17', null, '25001', null);
INSERT INTO `act_ru_identitylink` VALUES ('25021', '1', null, 'participant', '23', null, '25016', null);
INSERT INTO `act_ru_identitylink` VALUES ('25023', '1', null, 'participant', '', null, '25016', null);
INSERT INTO `act_ru_identitylink` VALUES ('25030', '1', null, 'participant', '16', null, '25016', null);
INSERT INTO `act_ru_identitylink` VALUES ('25033', '1', null, 'participant', '20', null, '25016', null);
INSERT INTO `act_ru_identitylink` VALUES ('25036', '1', null, 'participant', '21', null, '25016', null);
INSERT INTO `act_ru_identitylink` VALUES ('25038', '1', null, 'participant', '', null, '25016', null);
INSERT INTO `act_ru_identitylink` VALUES ('25041', '1', null, 'participant', '', null, '25016', null);
INSERT INTO `act_ru_identitylink` VALUES ('25044', '1', null, 'participant', '', null, '25016', null);
INSERT INTO `act_ru_identitylink` VALUES ('25048', '1', null, 'participant', '19', null, '25016', null);
INSERT INTO `act_ru_identitylink` VALUES ('27538', '1', null, 'starter', '', null, '27537', null);
INSERT INTO `act_ru_identitylink` VALUES ('27543', '1', null, 'participant', '24', null, '27537', null);
INSERT INTO `act_ru_identitylink` VALUES ('27545', '1', null, 'participant', '', null, '27537', null);
INSERT INTO `act_ru_identitylink` VALUES ('27548', '1', null, 'participant', '16', null, '27537', null);
INSERT INTO `act_ru_identitylink` VALUES ('27551', '1', null, 'participant', '', null, '27537', null);
INSERT INTO `act_ru_identitylink` VALUES ('27554', '1', null, 'participant', '17', null, '27537', null);
INSERT INTO `act_ru_identitylink` VALUES ('27556', '1', null, 'participant', '', null, '27537', null);

-- ----------------------------
-- Table structure for act_ru_job
-- ----------------------------
DROP TABLE IF EXISTS `act_ru_job`;
CREATE TABLE `act_ru_job` (
  `ID_` varchar(64) COLLATE utf8_bin NOT NULL,
  `REV_` int(11) DEFAULT NULL,
  `TYPE_` varchar(255) COLLATE utf8_bin NOT NULL,
  `LOCK_EXP_TIME_` timestamp(3) NULL DEFAULT NULL,
  `LOCK_OWNER_` varchar(255) COLLATE utf8_bin DEFAULT NULL,
  `EXCLUSIVE_` tinyint(1) DEFAULT NULL,
  `EXECUTION_ID_` varchar(64) COLLATE utf8_bin DEFAULT NULL,
  `PROCESS_INSTANCE_ID_` varchar(64) COLLATE utf8_bin DEFAULT NULL,
  `PROC_DEF_ID_` varchar(64) COLLATE utf8_bin DEFAULT NULL,
  `RETRIES_` int(11) DEFAULT NULL,
  `EXCEPTION_STACK_ID_` varchar(64) COLLATE utf8_bin DEFAULT NULL,
  `EXCEPTION_MSG_` varchar(4000) COLLATE utf8_bin DEFAULT NULL,
  `DUEDATE_` timestamp(3) NULL DEFAULT NULL,
  `REPEAT_` varchar(255) COLLATE utf8_bin DEFAULT NULL,
  `HANDLER_TYPE_` varchar(255) COLLATE utf8_bin DEFAULT NULL,
  `HANDLER_CFG_` varchar(4000) COLLATE utf8_bin DEFAULT NULL,
  `TENANT_ID_` varchar(255) COLLATE utf8_bin DEFAULT '',
  PRIMARY KEY (`ID_`),
  KEY `ACT_FK_JOB_EXCEPTION` (`EXCEPTION_STACK_ID_`),
  CONSTRAINT `ACT_FK_JOB_EXCEPTION` FOREIGN KEY (`EXCEPTION_STACK_ID_`) REFERENCES `act_ge_bytearray` (`ID_`)
) ENGINE=InnoDB DEFAULT CHARSET=utf8 COLLATE=utf8_bin;

-- ----------------------------
-- Records of act_ru_job
-- ----------------------------

-- ----------------------------
-- Table structure for act_ru_task
-- ----------------------------
DROP TABLE IF EXISTS `act_ru_task`;
CREATE TABLE `act_ru_task` (
  `ID_` varchar(64) COLLATE utf8_bin NOT NULL,
  `REV_` int(11) DEFAULT NULL,
  `EXECUTION_ID_` varchar(64) COLLATE utf8_bin DEFAULT NULL,
  `PROC_INST_ID_` varchar(64) COLLATE utf8_bin DEFAULT NULL,
  `PROC_DEF_ID_` varchar(64) COLLATE utf8_bin DEFAULT NULL,
  `NAME_` varchar(255) COLLATE utf8_bin DEFAULT NULL,
  `PARENT_TASK_ID_` varchar(64) COLLATE utf8_bin DEFAULT NULL,
  `DESCRIPTION_` varchar(4000) COLLATE utf8_bin DEFAULT NULL,
  `TASK_DEF_KEY_` varchar(255) COLLATE utf8_bin DEFAULT NULL,
  `OWNER_` varchar(255) COLLATE utf8_bin DEFAULT NULL,
  `ASSIGNEE_` varchar(255) COLLATE utf8_bin DEFAULT NULL,
  `DELEGATION_` varchar(64) COLLATE utf8_bin DEFAULT NULL,
  `PRIORITY_` int(11) DEFAULT NULL,
  `CREATE_TIME_` timestamp(3) NOT NULL DEFAULT CURRENT_TIMESTAMP(3) ON UPDATE CURRENT_TIMESTAMP(3),
  `DUE_DATE_` datetime(3) DEFAULT NULL,
  `CATEGORY_` varchar(255) COLLATE utf8_bin DEFAULT NULL,
  `SUSPENSION_STATE_` int(11) DEFAULT NULL,
  `TENANT_ID_` varchar(255) COLLATE utf8_bin DEFAULT '',
  `FORM_KEY_` varchar(255) COLLATE utf8_bin DEFAULT NULL,
  PRIMARY KEY (`ID_`),
  KEY `ACT_IDX_TASK_CREATE` (`CREATE_TIME_`),
  KEY `ACT_FK_TASK_EXE` (`EXECUTION_ID_`),
  KEY `ACT_FK_TASK_PROCINST` (`PROC_INST_ID_`),
  KEY `ACT_FK_TASK_PROCDEF` (`PROC_DEF_ID_`),
  CONSTRAINT `ACT_FK_TASK_EXE` FOREIGN KEY (`EXECUTION_ID_`) REFERENCES `act_ru_execution` (`ID_`),
  CONSTRAINT `ACT_FK_TASK_PROCDEF` FOREIGN KEY (`PROC_DEF_ID_`) REFERENCES `act_re_procdef` (`ID_`),
  CONSTRAINT `ACT_FK_TASK_PROCINST` FOREIGN KEY (`PROC_INST_ID_`) REFERENCES `act_ru_execution` (`ID_`)
) ENGINE=InnoDB DEFAULT CHARSET=utf8 COLLATE=utf8_bin;

-- ----------------------------
-- Records of act_ru_task
-- ----------------------------
INSERT INTO `act_ru_task` VALUES ('17510', '1', '15005', '15005', 'LeaveBean:1:15004', '', null, null, 'usertask1', null, '1', null, '50', '2018-03-25 16:34:01.000', null, null, '1', '', '/activitimgr/processTask/gotoLeaveProcessTaskDetail');
INSERT INTO `act_ru_task` VALUES ('25014', '1', '25001', '25001', 'LeaveBean:1:15004', '', null, null, 'usertask3', null, '17', null, '50', '2018-05-12 16:32:37.000', null, null, '1', '', '/activitimgr/processTask/gotoLeaveProcessTaskDetail');
INSERT INTO `act_ru_task` VALUES ('25047', '1', '25016', '25016', 'ResignationBean:1:20004', '', null, null, 'usertask4', null, '19', null, '50', '2018-05-12 21:55:37.000', null, null, '1', '', '/activitimgr/processTask/gotoResignationProcessTaskDetail');
INSERT INTO `act_ru_task` VALUES ('27558', '1', '27537', '27537', 'LeaveBean:1:15004', '', null, null, 'usertask1', null, '24', null, '50', '2018-05-13 10:40:36.000', null, null, '1', '', '/activitimgr/processTask/gotoLeaveProcessTaskDetail');

-- ----------------------------
-- Table structure for act_ru_variable
-- ----------------------------
DROP TABLE IF EXISTS `act_ru_variable`;
CREATE TABLE `act_ru_variable` (
  `ID_` varchar(64) COLLATE utf8_bin NOT NULL,
  `REV_` int(11) DEFAULT NULL,
  `TYPE_` varchar(255) COLLATE utf8_bin NOT NULL,
  `NAME_` varchar(255) COLLATE utf8_bin NOT NULL,
  `EXECUTION_ID_` varchar(64) COLLATE utf8_bin DEFAULT NULL,
  `PROC_INST_ID_` varchar(64) COLLATE utf8_bin DEFAULT NULL,
  `TASK_ID_` varchar(64) COLLATE utf8_bin DEFAULT NULL,
  `BYTEARRAY_ID_` varchar(64) COLLATE utf8_bin DEFAULT NULL,
  `DOUBLE_` double DEFAULT NULL,
  `LONG_` bigint(20) DEFAULT NULL,
  `TEXT_` varchar(4000) COLLATE utf8_bin DEFAULT NULL,
  `TEXT2_` varchar(4000) COLLATE utf8_bin DEFAULT NULL,
  PRIMARY KEY (`ID_`),
  KEY `ACT_IDX_VARIABLE_TASK_ID` (`TASK_ID_`),
  KEY `ACT_FK_VAR_EXE` (`EXECUTION_ID_`),
  KEY `ACT_FK_VAR_PROCINST` (`PROC_INST_ID_`),
  KEY `ACT_FK_VAR_BYTEARRAY` (`BYTEARRAY_ID_`),
  CONSTRAINT `ACT_FK_VAR_BYTEARRAY` FOREIGN KEY (`BYTEARRAY_ID_`) REFERENCES `act_ge_bytearray` (`ID_`),
  CONSTRAINT `ACT_FK_VAR_EXE` FOREIGN KEY (`EXECUTION_ID_`) REFERENCES `act_ru_execution` (`ID_`),
  CONSTRAINT `ACT_FK_VAR_PROCINST` FOREIGN KEY (`PROC_INST_ID_`) REFERENCES `act_ru_execution` (`ID_`)
) ENGINE=InnoDB DEFAULT CHARSET=utf8 COLLATE=utf8_bin;

-- ----------------------------
-- Records of act_ru_variable
-- ----------------------------
INSERT INTO `act_ru_variable` VALUES ('15007', '1', 'long', 'userId', '15005', '15005', null, null, null, '1', '1', null);
INSERT INTO `act_ru_variable` VALUES ('17507', '1', 'string', 'outcome', '15005', '15005', null, null, null, null, '', null);
INSERT INTO `act_ru_variable` VALUES ('25003', '1', 'long', 'userId', '25001', '25001', null, null, null, '16', '16', null);
INSERT INTO `act_ru_variable` VALUES ('25012', '1', 'string', 'outcome', '25001', '25001', null, null, null, null, '', null);
INSERT INTO `act_ru_variable` VALUES ('25018', '1', 'long', 'userId', '25016', '25016', null, null, null, '23', '23', null);
INSERT INTO `act_ru_variable` VALUES ('27540', '1', 'long', 'userId', '27537', '27537', null, null, null, '24', '24', null);
INSERT INTO `act_ru_variable` VALUES ('27550', '2', 'string', 'outcome', '27537', '27537', null, null, null, null, '', null);

-- ----------------------------
-- Table structure for pm_activiti_leave
-- ----------------------------
DROP TABLE IF EXISTS `pm_activiti_leave`;
CREATE TABLE `pm_activiti_leave` (
  `leave_id` int(32) NOT NULL AUTO_INCREMENT COMMENT 'ID',
  `leave_user_id` int(32) NOT NULL COMMENT '',
  `leave_date` datetime NOT NULL COMMENT '',
  `leave_days` int(3) NOT NULL COMMENT '',
  `leave_reason` varchar(100) NOT NULL COMMENT '',
  `remark` varchar(100) DEFAULT NULL COMMENT '',
  `leave_state` int(3) NOT NULL COMMENT '01',
  `process_instance_id` varchar(32) DEFAULT NULL COMMENT 'Id',
  PRIMARY KEY (`leave_id`)
) ENGINE=InnoDB AUTO_INCREMENT=27 DEFAULT CHARSET=utf8 COMMENT='';

-- ----------------------------
-- Records of pm_activiti_leave
-- ----------------------------
INSERT INTO `pm_activiti_leave` VALUES ('24', '1', '2018-03-30 00:00:00', '1024', '', '', '1', '15005');
INSERT INTO `pm_activiti_leave` VALUES ('25', '16', '2018-05-12 00:00:00', '13', '', '', '1', '25001');
INSERT INTO `pm_activiti_leave` VALUES ('26', '24', '2018-05-20 00:00:00', '30', '', '', '1', '27537');

-- ----------------------------
-- Table structure for pm_activiti_resignation
-- ----------------------------
DROP TABLE IF EXISTS `pm_activiti_resignation`;
CREATE TABLE `pm_activiti_resignation` (
  `resignation_id` int(32) NOT NULL AUTO_INCREMENT COMMENT 'id',
  `resignation_user_id` int(32) NOT NULL COMMENT 'id',
  `resignation_date` datetime NOT NULL COMMENT '',
  `resignation_reason` varchar(100) NOT NULL COMMENT '',
  `remark` varchar(100) DEFAULT NULL COMMENT '',
  `update_time` datetime DEFAULT NULL COMMENT '',
  `resignation_state` int(3) NOT NULL COMMENT '0 1',
  `process_instance_id` varchar(32) DEFAULT NULL COMMENT 'id',
  PRIMARY KEY (`resignation_id`)
) ENGINE=InnoDB AUTO_INCREMENT=92 DEFAULT CHARSET=utf8;

-- ----------------------------
-- Records of pm_activiti_resignation
-- ----------------------------
INSERT INTO `pm_activiti_resignation` VALUES ('88', '1', '2018-04-16 14:29:41', '', '', '2018-04-16 14:29:54', '0', '1');
INSERT INTO `pm_activiti_resignation` VALUES ('89', '1', '2018-04-26 00:00:00', '', '', null, '1', '20005');
INSERT INTO `pm_activiti_resignation` VALUES ('90', '23', '2018-05-19 00:00:00', '', '', '2018-05-12 21:48:19', '1', '25016');
INSERT INTO `pm_activiti_resignation` VALUES ('91', '24', '2018-05-23 00:00:00', '', '', '2018-05-13 10:23:10', '1', '27501');

-- ----------------------------
-- Table structure for pm_sys_area
-- ----------------------------
DROP TABLE IF EXISTS `pm_sys_area`;
CREATE TABLE `pm_sys_area` (
  `id` int(32) NOT NULL AUTO_INCREMENT COMMENT '',
  `parent_id` int(32) NOT NULL COMMENT '',
  `name` varchar(100) NOT NULL COMMENT '',
  `sort` decimal(10,0) NOT NULL COMMENT '',
  `code` varchar(100) DEFAULT NULL COMMENT '',
  `create_by` varchar(64) NOT NULL COMMENT '',
  `create_date` datetime NOT NULL COMMENT '',
  `update_by` varchar(64) NOT NULL COMMENT '',
  `update_date` datetime NOT NULL COMMENT '',
  `remarks` varchar(255) DEFAULT NULL COMMENT '',
  `del_flag` char(1) NOT NULL DEFAULT '0' COMMENT '',
  PRIMARY KEY (`id`),
  KEY `sys_area_parent_id` (`parent_id`),
  KEY `sys_area_del_flag` (`del_flag`)
) ENGINE=InnoDB AUTO_INCREMENT=16 DEFAULT CHARSET=utf8 COMMENT='';

-- ----------------------------
-- Records of pm_sys_area
-- ----------------------------
INSERT INTO `pm_sys_area` VALUES ('1', '0', '', '10', '086', '1', '2015-07-10 08:00:00', '1', '2018-01-01 08:00:00', '', '0');
INSERT INTO `pm_sys_area` VALUES ('9', '1', '', '10', '000001', '1', '2016-12-05 22:07:23', '1', '2018-03-15 15:31:19', 'BJ', '0');
INSERT INTO `pm_sys_area` VALUES ('10', '1', '', '20', '000002', '1', '2016-12-05 22:07:38', '1', '2018-03-15 15:31:58', 'HB', '0');
INSERT INTO `pm_sys_area` VALUES ('15', '1', '', '30', '000003', '1', '2018-03-13 11:17:36', '1', '2018-03-15 15:32:16', 'SC', '0');

-- ----------------------------
-- Table structure for pm_sys_dept
-- ----------------------------
DROP TABLE IF EXISTS `pm_sys_dept`;
CREATE TABLE `pm_sys_dept` (
  `id` int(32) NOT NULL AUTO_INCREMENT COMMENT '',
  `parent_id` int(32) NOT NULL COMMENT '',
  `name` varchar(100) NOT NULL COMMENT '',
  `sort` decimal(10,0) NOT NULL COMMENT '',
  `code` varchar(100) DEFAULT NULL COMMENT '',
  `address` varchar(255) DEFAULT NULL COMMENT '',
  `master` varchar(100) DEFAULT NULL COMMENT '',
  `phone` varchar(200) DEFAULT NULL COMMENT '',
  `fax` varchar(200) DEFAULT NULL COMMENT '',
  `email` varchar(200) DEFAULT NULL COMMENT '',
  `update_by` varchar(64) NOT NULL COMMENT '',
  `update_date` datetime NOT NULL COMMENT '',
  `remarks` varchar(255) DEFAULT NULL COMMENT '',
  `del_flag` char(1) NOT NULL DEFAULT '0' COMMENT '',
  PRIMARY KEY (`id`),
  KEY `sys_office_parent_id` (`parent_id`),
  KEY `sys_office_del_flag` (`del_flag`)
) ENGINE=InnoDB AUTO_INCREMENT=37 DEFAULT CHARSET=utf8 COMMENT='';

-- ----------------------------
-- Records of pm_sys_dept
-- ----------------------------
INSERT INTO `pm_sys_dept` VALUES ('1', '0', '', '10', '100000', '', '', '', '', '', '1', '2018-03-04 21:11:32', '', '0');
INSERT INTO `pm_sys_dept` VALUES ('31', '1', '', '10', '000001', '', '2he', '15484524456', '231469-4512', '123456@163.com', '1', '2018-03-15 16:06:48', '', '0');
INSERT INTO `pm_sys_dept` VALUES ('32', '1', '', '20', '000002', '', '2', '16584521456', '213113-4646', '123@aa.com', '1', '2018-03-15 16:07:53', '', '0');
INSERT INTO `pm_sys_dept` VALUES ('33', '1', '', '30', '000003', '', '', '15680680562', '1235-7954', '22313@163.com', '1', '2018-03-15 16:08:44', '', '0');
INSERT INTO `pm_sys_dept` VALUES ('34', '33', '', '10', '125462', '', '', '', '', '', '1', '2018-04-11 18:06:50', '', '0');
INSERT INTO `pm_sys_dept` VALUES ('35', '33', '', '20', '356421', '', '', '', '', '', '1', '2018-04-11 18:07:14', '', '0');
INSERT INTO `pm_sys_dept` VALUES ('36', '33', '', '30', '5424113', '', '', '', '', '', '1', '2018-04-11 18:07:41', '', '0');

-- ----------------------------
-- Table structure for pm_sys_dict
-- ----------------------------
DROP TABLE IF EXISTS `pm_sys_dict`;
CREATE TABLE `pm_sys_dict` (
  `id` int(32) NOT NULL AUTO_INCREMENT COMMENT '',
  `value` varchar(100) NOT NULL COMMENT '',
  `label` varchar(100) NOT NULL COMMENT '',
  `type` varchar(100) NOT NULL COMMENT '',
  `description` varchar(100) NOT NULL COMMENT '',
  `sort` decimal(10,0) NOT NULL COMMENT '',
  `parent_id` varchar(64) DEFAULT '0' COMMENT '',
  `update_by` varchar(64) NOT NULL COMMENT '',
  `update_date` datetime NOT NULL COMMENT '',
  `remarks` varchar(255) DEFAULT NULL COMMENT '',
  `del_flag` char(1) NOT NULL DEFAULT '0' COMMENT '',
  PRIMARY KEY (`id`),
  KEY `sys_dict_value` (`value`),
  KEY `sys_dict_label` (`label`),
  KEY `sys_dict_del_flag` (`del_flag`)
) ENGINE=InnoDB AUTO_INCREMENT=103 DEFAULT CHARSET=utf8 COMMENT='';

-- ----------------------------
-- Records of pm_sys_dict
-- ----------------------------
INSERT INTO `pm_sys_dict` VALUES ('1', '0', '', 'del_flag', '', '10', '0', '1', '2018-01-01 08:00:00', null, '0');
INSERT INTO `pm_sys_dict` VALUES ('2', '1', '', 'del_flag', '', '20', '0', '1', '2018-01-01 08:00:00', null, '0');
INSERT INTO `pm_sys_dict` VALUES ('3', '1', '', 'show_hide', '/', '10', '0', '1', '2018-01-01 08:00:00', null, '0');
INSERT INTO `pm_sys_dict` VALUES ('4', '0', '', 'show_hide', '/', '20', '0', '1', '2018-01-01 08:00:00', null, '0');
INSERT INTO `pm_sys_dict` VALUES ('5', '1', '', 'yes_no', '/', '10', '0', '1', '2018-01-01 08:00:00', null, '0');
INSERT INTO `pm_sys_dict` VALUES ('6', '0', '', 'yes_no', '/', '20', '0', '1', '2018-01-01 08:00:00', null, '0');
INSERT INTO `pm_sys_dict` VALUES ('17', '1', '', 'sys_area_type', '', '10', '0', '1', '2018-01-01 08:00:00', null, '0');
INSERT INTO `pm_sys_dict` VALUES ('18', '2', '', 'sys_area_type', '', '20', '0', '1', '2018-01-01 08:00:00', '4321', '0');
INSERT INTO `pm_sys_dict` VALUES ('19', '3', '', 'sys_area_type', '', '30', '0', '1', '2018-01-01 08:00:00', null, '0');
INSERT INTO `pm_sys_dict` VALUES ('20', '4', '', 'sys_area_type', '', '40', '0', '1', '2018-01-01 08:00:00', null, '0');
INSERT INTO `pm_sys_dict` VALUES ('21', '1', '', 'sys_office_type', '', '60', '0', '1', '2018-01-01 08:00:00', null, '0');
INSERT INTO `pm_sys_dict` VALUES ('22', '2', '', 'sys_office_type', '', '70', '0', '1', '2018-01-01 08:00:00', null, '0');
INSERT INTO `pm_sys_dict` VALUES ('23', '3', '', 'sys_office_type', '', '80', '0', '1', '2018-01-01 08:00:00', null, '0');
INSERT INTO `pm_sys_dict` VALUES ('24', '4', '', 'sys_office_type', '', '90', '0', '1', '2018-01-01 08:00:00', null, '0');
INSERT INTO `pm_sys_dict` VALUES ('28', '1', '', 'sys_office_grade', '', '10', '0', '1', '2018-01-01 08:00:00', null, '0');
INSERT INTO `pm_sys_dict` VALUES ('29', '2', '', 'sys_office_grade', '', '20', '0', '1', '2018-01-01 08:00:00', null, '0');
INSERT INTO `pm_sys_dict` VALUES ('30', '3', '', 'sys_office_grade', '', '30', '0', '1', '2018-01-01 08:00:00', null, '0');
INSERT INTO `pm_sys_dict` VALUES ('31', '4', '', 'sys_office_grade', '', '40', '0', '1', '2018-01-01 08:00:00', null, '0');
INSERT INTO `pm_sys_dict` VALUES ('32', '1', '', 'sys_data_scope', '', '10', '0', '1', '2018-01-01 08:00:00', null, '0');
INSERT INTO `pm_sys_dict` VALUES ('33', '2', '', 'sys_data_scope', '', '20', '0', '1', '2018-01-01 08:00:00', null, '0');
INSERT INTO `pm_sys_dict` VALUES ('34', '3', '', 'sys_data_scope', '', '30', '0', '1', '2018-01-01 08:00:00', null, '0');
INSERT INTO `pm_sys_dict` VALUES ('35', '4', '', 'sys_data_scope', '', '40', '0', '1', '2018-01-01 08:00:00', null, '0');
INSERT INTO `pm_sys_dict` VALUES ('36', '5', '', 'sys_data_scope', '', '50', '0', '1', '2018-01-01 08:00:00', null, '0');
INSERT INTO `pm_sys_dict` VALUES ('37', '8', '', 'sys_data_scope', '', '90', '0', '1', '2018-01-01 08:00:00', null, '0');
INSERT INTO `pm_sys_dict` VALUES ('38', '9', '', 'sys_data_scope', '', '100', '0', '1', '2018-01-01 08:00:00', null, '0');
INSERT INTO `pm_sys_dict` VALUES ('39', '1', '', 'sys_user_type', '', '10', '0', '1', '2018-01-01 08:00:00', null, '0');
INSERT INTO `pm_sys_dict` VALUES ('40', '2', '', 'sys_user_type', '', '20', '0', '1', '2018-01-01 08:00:00', null, '0');
INSERT INTO `pm_sys_dict` VALUES ('41', '3', '', 'sys_user_type', '', '30', '0', '1', '2018-01-01 08:00:00', null, '0');
INSERT INTO `pm_sys_dict` VALUES ('67', '1', '', 'sys_log_type', '', '30', '0', '1', '2018-01-01 08:00:00', null, '0');
INSERT INTO `pm_sys_dict` VALUES ('68', '2', '', 'sys_log_type', '', '40', '0', '1', '2018-01-01 08:00:00', null, '0');
INSERT INTO `pm_sys_dict` VALUES ('96', '1', '', 'sex', '', '10', '0', '1', '2018-01-01 08:00:00', null, '0');
INSERT INTO `pm_sys_dict` VALUES ('97', '2', '', 'sex', '', '20', '0', '1', '2018-01-01 08:00:00', null, '0');
INSERT INTO `pm_sys_dict` VALUES ('98', '11', '22', '33', '44', '55', null, '1', '2018-01-01 08:00:00', '66', '1');
INSERT INTO `pm_sys_dict` VALUES ('100', '4', '3', '2', '1', '5', null, '1', '2018-01-01 08:00:00', '5', '0');
INSERT INTO `pm_sys_dict` VALUES ('101', '3', '3', '3', '3', '3', null, '1', '2018-01-01 08:00:00', '3', '0');
INSERT INTO `pm_sys_dict` VALUES ('102', 'q', 'q', 'q', 'q', '12', null, '1', '2018-01-01 08:00:00', 'q', '0');

-- ----------------------------
-- Table structure for pm_sys_menu
-- ----------------------------
DROP TABLE IF EXISTS `pm_sys_menu`;
CREATE TABLE `pm_sys_menu` (
  `id` int(64) NOT NULL AUTO_INCREMENT COMMENT '',
  `parent_id` int(64) NOT NULL COMMENT '',
  `name` varchar(100) NOT NULL COMMENT '',
  `sort` decimal(10,0) NOT NULL COMMENT '',
  `href` varchar(2000) DEFAULT NULL COMMENT '',
  `target` varchar(20) DEFAULT NULL COMMENT '',
  `icon` varchar(100) DEFAULT NULL COMMENT '',
  `is_show` char(1) NOT NULL COMMENT '',
  `permission` varchar(200) DEFAULT NULL COMMENT '',
  `update_by` varchar(64) NOT NULL COMMENT '',
  `update_date` datetime NOT NULL COMMENT '',
  `remarks` varchar(255) DEFAULT NULL COMMENT '',
  `del_flag` char(1) NOT NULL DEFAULT '0' COMMENT '',
  PRIMARY KEY (`id`),
  KEY `sys_menu_parent_id` (`parent_id`),
  KEY `sys_menu_del_flag` (`del_flag`)
) ENGINE=InnoDB AUTO_INCREMENT=43 DEFAULT CHARSET=utf8 COMMENT='';

-- ----------------------------
-- Records of pm_sys_menu
-- ----------------------------
INSERT INTO `pm_sys_menu` VALUES ('1', '0', '', '10', '', '', '', '1', '', '1', '2018-03-22 13:42:35', '', '0');
INSERT INTO `pm_sys_menu` VALUES ('3', '1', '', '20', '', '', '', '1', '', '1', '2018-03-22 13:50:35', '', '0');
INSERT INTO `pm_sys_menu` VALUES ('4', '3', '', '10', '/sysmgr/menu/gotoMenuList', null, 'list-alt', '1', null, '1', '2018-03-22 13:55:35', null, '0');
INSERT INTO `pm_sys_menu` VALUES ('7', '3', '', '20', '/sysmgr/role/gotoRoleList', '', 'lock', '1', '', '1', '2018-03-22 14:10:35', '', '0');
INSERT INTO `pm_sys_menu` VALUES ('10', '3', '', '30', '/sysmgr/dict/gotoDictList', '', 'th-list', '1', null, '1', '2018-03-22 14:12:35', '', '0');
INSERT INTO `pm_sys_menu` VALUES ('14', '3', '', '30', '/sysmgr/area/gotoAreaList', '', 'th', '1', '', '1', '2018-03-22 14:13:35', '', '0');
INSERT INTO `pm_sys_menu` VALUES ('17', '3', '', '20', '/sysmgr/dept/gotoDeptList', '', 'th-large', '1', '', '1', '2018-03-22 14:16:35', '', '0');
INSERT INTO `pm_sys_menu` VALUES ('20', '3', '', '10', '/sysmgr/user/gotoUserList', '', 'user', '1', '', '1', '2018-03-22 14:20:35', '', '0');
INSERT INTO `pm_sys_menu` VALUES ('28', '1', '', '10', '', '', null, '1', null, '1', '2018-03-22 14:22:35', '', '0');
INSERT INTO `pm_sys_menu` VALUES ('29', '28', '', '20', '/sysmgr/user/gotoUserInfo', '', 'user', '1', null, '1', '2018-03-22 14:27:35', '', '0');
INSERT INTO `pm_sys_menu` VALUES ('30', '28', '', '30', '/sysmgr/user/gotoChangePwd', '', 'lock', '1', '', '1', '2018-03-22 14:30:35', '', '0');
INSERT INTO `pm_sys_menu` VALUES ('36', '1', '', '30', '', '', ' icon-briefcase', '1', '', '1', '2018-03-22 14:40:35', '', '0');
INSERT INTO `pm_sys_menu` VALUES ('37', '36', '', '10', '/activitimgr/processDeploy/gotoProcessDeployList', '', ' icon-folder-open', '1', '', '1', '2018-03-22 14:42:24', '', '0');
INSERT INTO `pm_sys_menu` VALUES ('38', '36', '', '20', '/activitimgr/processDefinition/gotoProcessDefinitionList', '', ' icon-edit', '1', '', '1', '2018-03-22 18:36:33', '', '0');
INSERT INTO `pm_sys_menu` VALUES ('39', '1', '', '40', '', '', '', '1', '', '1', '2018-03-24 10:41:48', '', '0');
INSERT INTO `pm_sys_menu` VALUES ('40', '39', '', '10', '/activitimgr/leaveProcess/gotoLeaveProcessList', '', ' icon-flag', '1', '', '1', '2018-03-24 10:47:08', '', '0');
INSERT INTO `pm_sys_menu` VALUES ('41', '39', '', '20', '/activitimgr/processTask/gotoProcessTaskList', '', ' icon-tasks', '1', '', '1', '2018-03-24 19:52:42', '', '0');
INSERT INTO `pm_sys_menu` VALUES ('42', '39', '', '15', '/activitimgr/resignation/gotoResignationList', '', ' icon-hdd', '1', '', '1', '2018-04-11 18:45:28', '', '0');

-- ----------------------------
-- Table structure for pm_sys_role
-- ----------------------------
DROP TABLE IF EXISTS `pm_sys_role`;
CREATE TABLE `pm_sys_role` (
  `id` int(32) NOT NULL AUTO_INCREMENT COMMENT '',
  `name` varchar(100) NOT NULL COMMENT '',
  `update_by` varchar(64) NOT NULL COMMENT '',
  `update_date` datetime NOT NULL COMMENT '',
  `remarks` varchar(255) DEFAULT NULL COMMENT '',
  `del_flag` char(1) NOT NULL DEFAULT '0' COMMENT '',
  PRIMARY KEY (`id`),
  KEY `sys_role_del_flag` (`del_flag`)
) ENGINE=InnoDB AUTO_INCREMENT=41 DEFAULT CHARSET=utf8 COMMENT='';

-- ----------------------------
-- Records of pm_sys_role
-- ----------------------------
INSERT INTO `pm_sys_role` VALUES ('1', '', '1', '2018-03-15 14:43:26', '', '0');
INSERT INTO `pm_sys_role` VALUES ('31', '', '1', '2018-05-13 10:51:03', '', '0');
INSERT INTO `pm_sys_role` VALUES ('32', '', '1', '2018-05-13 10:51:13', '', '0');
INSERT INTO `pm_sys_role` VALUES ('33', '', '1', '2018-05-13 10:25:11', '', '0');
INSERT INTO `pm_sys_role` VALUES ('36', '', '1', '2018-04-11 18:10:20', '', '0');
INSERT INTO `pm_sys_role` VALUES ('37', '', '1', '2018-05-13 10:51:36', '', '0');
INSERT INTO `pm_sys_role` VALUES ('38', '', '1', '2018-05-13 10:51:44', '', '0');
INSERT INTO `pm_sys_role` VALUES ('39', '', '1', '2018-05-08 15:17:23', '', '0');
INSERT INTO `pm_sys_role` VALUES ('40', '', '1', '2018-05-13 10:51:54', '', '0');

-- ----------------------------
-- Table structure for pm_sys_role_area
-- ----------------------------
DROP TABLE IF EXISTS `pm_sys_role_area`;
CREATE TABLE `pm_sys_role_area` (
  `role_id` int(32) NOT NULL COMMENT '',
  `area_id` int(32) NOT NULL COMMENT '',
  PRIMARY KEY (`role_id`,`area_id`)
) ENGINE=InnoDB DEFAULT CHARSET=utf8 COMMENT='-';

-- ----------------------------
-- Records of pm_sys_role_area
-- ----------------------------
INSERT INTO `pm_sys_role_area` VALUES ('1', '1');
INSERT INTO `pm_sys_role_area` VALUES ('1', '9');
INSERT INTO `pm_sys_role_area` VALUES ('1', '10');
INSERT INTO `pm_sys_role_area` VALUES ('1', '15');
INSERT INTO `pm_sys_role_area` VALUES ('31', '1');
INSERT INTO `pm_sys_role_area` VALUES ('31', '9');
INSERT INTO `pm_sys_role_area` VALUES ('32', '1');
INSERT INTO `pm_sys_role_area` VALUES ('32', '10');
INSERT INTO `pm_sys_role_area` VALUES ('33', '1');
INSERT INTO `pm_sys_role_area` VALUES ('33', '15');
INSERT INTO `pm_sys_role_area` VALUES ('36', '1');
INSERT INTO `pm_sys_role_area` VALUES ('36', '15');
INSERT INTO `pm_sys_role_area` VALUES ('37', '1');
INSERT INTO `pm_sys_role_area` VALUES ('37', '15');
INSERT INTO `pm_sys_role_area` VALUES ('38', '1');
INSERT INTO `pm_sys_role_area` VALUES ('38', '15');
INSERT INTO `pm_sys_role_area` VALUES ('39', '1');
INSERT INTO `pm_sys_role_area` VALUES ('39', '9');
INSERT INTO `pm_sys_role_area` VALUES ('39', '10');
INSERT INTO `pm_sys_role_area` VALUES ('39', '15');
INSERT INTO `pm_sys_role_area` VALUES ('40', '1');
INSERT INTO `pm_sys_role_area` VALUES ('40', '15');

-- ----------------------------
-- Table structure for pm_sys_role_dept
-- ----------------------------
DROP TABLE IF EXISTS `pm_sys_role_dept`;
CREATE TABLE `pm_sys_role_dept` (
  `role_id` int(32) NOT NULL COMMENT '',
  `dept_id` int(32) NOT NULL COMMENT '',
  PRIMARY KEY (`role_id`,`dept_id`)
) ENGINE=InnoDB DEFAULT CHARSET=utf8 COMMENT='-';

-- ----------------------------
-- Records of pm_sys_role_dept
-- ----------------------------
INSERT INTO `pm_sys_role_dept` VALUES ('1', '1');
INSERT INTO `pm_sys_role_dept` VALUES ('1', '31');
INSERT INTO `pm_sys_role_dept` VALUES ('1', '32');
INSERT INTO `pm_sys_role_dept` VALUES ('1', '33');
INSERT INTO `pm_sys_role_dept` VALUES ('1', '34');
INSERT INTO `pm_sys_role_dept` VALUES ('1', '35');
INSERT INTO `pm_sys_role_dept` VALUES ('1', '36');
INSERT INTO `pm_sys_role_dept` VALUES ('31', '1');
INSERT INTO `pm_sys_role_dept` VALUES ('31', '31');
INSERT INTO `pm_sys_role_dept` VALUES ('32', '1');
INSERT INTO `pm_sys_role_dept` VALUES ('32', '32');
INSERT INTO `pm_sys_role_dept` VALUES ('33', '1');
INSERT INTO `pm_sys_role_dept` VALUES ('33', '33');
INSERT INTO `pm_sys_role_dept` VALUES ('36', '1');
INSERT INTO `pm_sys_role_dept` VALUES ('36', '33');
INSERT INTO `pm_sys_role_dept` VALUES ('36', '35');
INSERT INTO `pm_sys_role_dept` VALUES ('37', '1');
INSERT INTO `pm_sys_role_dept` VALUES ('37', '33');
INSERT INTO `pm_sys_role_dept` VALUES ('37', '34');
INSERT INTO `pm_sys_role_dept` VALUES ('38', '1');
INSERT INTO `pm_sys_role_dept` VALUES ('38', '33');
INSERT INTO `pm_sys_role_dept` VALUES ('38', '36');
INSERT INTO `pm_sys_role_dept` VALUES ('39', '1');
INSERT INTO `pm_sys_role_dept` VALUES ('39', '31');
INSERT INTO `pm_sys_role_dept` VALUES ('39', '32');
INSERT INTO `pm_sys_role_dept` VALUES ('39', '33');
INSERT INTO `pm_sys_role_dept` VALUES ('39', '34');
INSERT INTO `pm_sys_role_dept` VALUES ('39', '35');
INSERT INTO `pm_sys_role_dept` VALUES ('39', '36');
INSERT INTO `pm_sys_role_dept` VALUES ('40', '1');
INSERT INTO `pm_sys_role_dept` VALUES ('40', '33');
INSERT INTO `pm_sys_role_dept` VALUES ('40', '34');
INSERT INTO `pm_sys_role_dept` VALUES ('40', '35');
INSERT INTO `pm_sys_role_dept` VALUES ('40', '36');

-- ----------------------------
-- Table structure for pm_sys_role_menu
-- ----------------------------
DROP TABLE IF EXISTS `pm_sys_role_menu`;
CREATE TABLE `pm_sys_role_menu` (
  `role_id` int(32) NOT NULL COMMENT '',
  `menu_id` int(32) NOT NULL COMMENT '',
  PRIMARY KEY (`role_id`,`menu_id`)
) ENGINE=InnoDB DEFAULT CHARSET=utf8 COMMENT='-';

-- ----------------------------
-- Records of pm_sys_role_menu
-- ----------------------------
INSERT INTO `pm_sys_role_menu` VALUES ('1', '1');
INSERT INTO `pm_sys_role_menu` VALUES ('1', '3');
INSERT INTO `pm_sys_role_menu` VALUES ('1', '4');
INSERT INTO `pm_sys_role_menu` VALUES ('1', '7');
INSERT INTO `pm_sys_role_menu` VALUES ('1', '10');
INSERT INTO `pm_sys_role_menu` VALUES ('1', '14');
INSERT INTO `pm_sys_role_menu` VALUES ('1', '17');
INSERT INTO `pm_sys_role_menu` VALUES ('1', '20');
INSERT INTO `pm_sys_role_menu` VALUES ('1', '28');
INSERT INTO `pm_sys_role_menu` VALUES ('1', '29');
INSERT INTO `pm_sys_role_menu` VALUES ('1', '30');
INSERT INTO `pm_sys_role_menu` VALUES ('1', '36');
INSERT INTO `pm_sys_role_menu` VALUES ('1', '37');
INSERT INTO `pm_sys_role_menu` VALUES ('1', '38');
INSERT INTO `pm_sys_role_menu` VALUES ('1', '39');
INSERT INTO `pm_sys_role_menu` VALUES ('1', '40');
INSERT INTO `pm_sys_role_menu` VALUES ('1', '41');
INSERT INTO `pm_sys_role_menu` VALUES ('1', '42');
INSERT INTO `pm_sys_role_menu` VALUES ('31', '1');
INSERT INTO `pm_sys_role_menu` VALUES ('31', '3');
INSERT INTO `pm_sys_role_menu` VALUES ('31', '14');
INSERT INTO `pm_sys_role_menu` VALUES ('31', '17');
INSERT INTO `pm_sys_role_menu` VALUES ('31', '20');
INSERT INTO `pm_sys_role_menu` VALUES ('31', '28');
INSERT INTO `pm_sys_role_menu` VALUES ('31', '29');
INSERT INTO `pm_sys_role_menu` VALUES ('31', '30');
INSERT INTO `pm_sys_role_menu` VALUES ('31', '39');
INSERT INTO `pm_sys_role_menu` VALUES ('31', '40');
INSERT INTO `pm_sys_role_menu` VALUES ('31', '41');
INSERT INTO `pm_sys_role_menu` VALUES ('31', '42');
INSERT INTO `pm_sys_role_menu` VALUES ('32', '1');
INSERT INTO `pm_sys_role_menu` VALUES ('32', '3');
INSERT INTO `pm_sys_role_menu` VALUES ('32', '14');
INSERT INTO `pm_sys_role_menu` VALUES ('32', '17');
INSERT INTO `pm_sys_role_menu` VALUES ('32', '20');
INSERT INTO `pm_sys_role_menu` VALUES ('32', '28');
INSERT INTO `pm_sys_role_menu` VALUES ('32', '29');
INSERT INTO `pm_sys_role_menu` VALUES ('32', '30');
INSERT INTO `pm_sys_role_menu` VALUES ('32', '39');
INSERT INTO `pm_sys_role_menu` VALUES ('32', '40');
INSERT INTO `pm_sys_role_menu` VALUES ('32', '41');
INSERT INTO `pm_sys_role_menu` VALUES ('32', '42');
INSERT INTO `pm_sys_role_menu` VALUES ('33', '1');
INSERT INTO `pm_sys_role_menu` VALUES ('33', '3');
INSERT INTO `pm_sys_role_menu` VALUES ('33', '14');
INSERT INTO `pm_sys_role_menu` VALUES ('33', '17');
INSERT INTO `pm_sys_role_menu` VALUES ('33', '20');
INSERT INTO `pm_sys_role_menu` VALUES ('33', '28');
INSERT INTO `pm_sys_role_menu` VALUES ('33', '29');
INSERT INTO `pm_sys_role_menu` VALUES ('33', '30');
INSERT INTO `pm_sys_role_menu` VALUES ('33', '39');
INSERT INTO `pm_sys_role_menu` VALUES ('33', '40');
INSERT INTO `pm_sys_role_menu` VALUES ('33', '41');
INSERT INTO `pm_sys_role_menu` VALUES ('33', '42');
INSERT INTO `pm_sys_role_menu` VALUES ('36', '1');
INSERT INTO `pm_sys_role_menu` VALUES ('36', '28');
INSERT INTO `pm_sys_role_menu` VALUES ('36', '29');
INSERT INTO `pm_sys_role_menu` VALUES ('36', '30');
INSERT INTO `pm_sys_role_menu` VALUES ('36', '39');
INSERT INTO `pm_sys_role_menu` VALUES ('36', '40');
INSERT INTO `pm_sys_role_menu` VALUES ('36', '41');
INSERT INTO `pm_sys_role_menu` VALUES ('37', '1');
INSERT INTO `pm_sys_role_menu` VALUES ('37', '28');
INSERT INTO `pm_sys_role_menu` VALUES ('37', '29');
INSERT INTO `pm_sys_role_menu` VALUES ('37', '30');
INSERT INTO `pm_sys_role_menu` VALUES ('37', '39');
INSERT INTO `pm_sys_role_menu` VALUES ('37', '40');
INSERT INTO `pm_sys_role_menu` VALUES ('37', '41');
INSERT INTO `pm_sys_role_menu` VALUES ('37', '42');
INSERT INTO `pm_sys_role_menu` VALUES ('38', '1');
INSERT INTO `pm_sys_role_menu` VALUES ('38', '28');
INSERT INTO `pm_sys_role_menu` VALUES ('38', '29');
INSERT INTO `pm_sys_role_menu` VALUES ('38', '30');
INSERT INTO `pm_sys_role_menu` VALUES ('38', '39');
INSERT INTO `pm_sys_role_menu` VALUES ('38', '40');
INSERT INTO `pm_sys_role_menu` VALUES ('38', '41');
INSERT INTO `pm_sys_role_menu` VALUES ('38', '42');
INSERT INTO `pm_sys_role_menu` VALUES ('39', '1');
INSERT INTO `pm_sys_role_menu` VALUES ('39', '3');
INSERT INTO `pm_sys_role_menu` VALUES ('39', '4');
INSERT INTO `pm_sys_role_menu` VALUES ('39', '7');
INSERT INTO `pm_sys_role_menu` VALUES ('39', '14');
INSERT INTO `pm_sys_role_menu` VALUES ('39', '17');
INSERT INTO `pm_sys_role_menu` VALUES ('39', '20');
INSERT INTO `pm_sys_role_menu` VALUES ('39', '28');
INSERT INTO `pm_sys_role_menu` VALUES ('39', '29');
INSERT INTO `pm_sys_role_menu` VALUES ('39', '30');
INSERT INTO `pm_sys_role_menu` VALUES ('39', '39');
INSERT INTO `pm_sys_role_menu` VALUES ('39', '40');
INSERT INTO `pm_sys_role_menu` VALUES ('39', '41');
INSERT INTO `pm_sys_role_menu` VALUES ('39', '42');
INSERT INTO `pm_sys_role_menu` VALUES ('40', '1');
INSERT INTO `pm_sys_role_menu` VALUES ('40', '28');
INSERT INTO `pm_sys_role_menu` VALUES ('40', '29');
INSERT INTO `pm_sys_role_menu` VALUES ('40', '30');
INSERT INTO `pm_sys_role_menu` VALUES ('40', '36');
INSERT INTO `pm_sys_role_menu` VALUES ('40', '38');
INSERT INTO `pm_sys_role_menu` VALUES ('40', '39');
INSERT INTO `pm_sys_role_menu` VALUES ('40', '40');
INSERT INTO `pm_sys_role_menu` VALUES ('40', '41');
INSERT INTO `pm_sys_role_menu` VALUES ('40', '42');

-- ----------------------------
-- Table structure for pm_sys_user
-- ----------------------------
DROP TABLE IF EXISTS `pm_sys_user`;
CREATE TABLE `pm_sys_user` (
  `user_id` int(32) NOT NULL AUTO_INCREMENT COMMENT '',
  `dept_id` int(32) NOT NULL COMMENT '',
  `login_name` varchar(100) NOT NULL COMMENT '',
  `password` varchar(100) NOT NULL COMMENT '',
  `user_no` varchar(100) DEFAULT NULL COMMENT '',
  `user_name` varchar(100) NOT NULL COMMENT '',
  `email` varchar(200) DEFAULT NULL COMMENT '',
  `phone` varchar(200) DEFAULT NULL COMMENT '',
  `mobile` varchar(200) DEFAULT NULL COMMENT '',
  `update_by` varchar(64) NOT NULL COMMENT '',
  `update_date` datetime NOT NULL COMMENT '',
  `remarks` varchar(255) DEFAULT NULL COMMENT '',
  `del_flag` char(1) NOT NULL DEFAULT '0' COMMENT '',
  `last_login_time` datetime DEFAULT NULL COMMENT '',
  PRIMARY KEY (`user_id`),
  KEY `sys_user_office_id` (`dept_id`),
  KEY `sys_user_login_name` (`login_name`),
  KEY `sys_user_update_date` (`update_date`),
  KEY `sys_user_del_flag` (`del_flag`)
) ENGINE=InnoDB AUTO_INCREMENT=25 DEFAULT CHARSET=utf8 COMMENT='';

-- ----------------------------
-- Records of pm_sys_user
-- ----------------------------
INSERT INTO `pm_sys_user` VALUES ('1', '1', 'admin', '4bce19b03a9150edfe84f99a2ec2b6ac57c0de299bf4726f7877ff1a', '000100', 'admin', 'zjd004@nansheng.com', '1234500', '4564500', '1', '2018-03-15 16:13:01', '7894500123', '0', '2018-12-28 15:47:29');
INSERT INTO `pm_sys_user` VALUES ('16', '33', 'liling', '928037423d629a37243ad9e0dff7481edf0ae5f21f74a95b012b79bb', '000052', '', 'liling@163.com', '1356854258', '1356854258', '1', '2018-03-15 16:14:01', '', '0', '2018-05-13 10:34:56');
INSERT INTO `pm_sys_user` VALUES ('17', '31', 'yourou', 'a3b614f43a1e9a9639c2a75f9094eed298a468ae8a46a243dd0a15f2', '000265', '', 'yourou@163.com', '15686587456', '15686587456', '1', '2018-03-15 16:17:49', '', '0', '2018-05-13 10:40:01');
INSERT INTO `pm_sys_user` VALUES ('18', '32', 'qihuan', '352479742c6a825987e8d5613cc202c25d0a5219d6f84df98a595530', '0003252', '', 'qihuan@qq.com', '13965845784', '13965845784', '1', '2018-03-15 16:18:43', '', '0', '2018-04-11 17:58:27');
INSERT INTO `pm_sys_user` VALUES ('19', '1', 'zhangliang', 'e0b46a3f239051cea20d59b3cdc43a4206bb6755863b7f6af7dbe2b0', '000000', '', 'zhangliang@163.com', '15680658652', '15680658652', '1', '2018-05-08 15:29:24', '', '0', '2018-05-13 10:37:21');
INSERT INTO `pm_sys_user` VALUES ('20', '35', 'jinghang', 'e3fa16cefaa99a1089e78d959b8298c12fa24575f200f97a76562913', '02356854', '', 'jinghang@163.com', '15896587458', '15896587458', '1', '2018-05-08 15:34:56', '', '0', '2018-05-13 10:28:20');
INSERT INTO `pm_sys_user` VALUES ('21', '34', 'tianjingjing', 'c56a400917256ff57d22c2d8dc5b3cebfc598f41047536eca015c713', '35845685', '', 'tianjingjing@163.com', '1356254874', '1356254874', '1', '2018-05-08 15:32:57', '', '0', '2018-05-13 10:28:59');
INSERT INTO `pm_sys_user` VALUES ('22', '36', 'wangyuxuan', '4285a834f226f84b98c4157e2ed2626a8a3597cb6a0fc213ab72cbca', '021256', '', 'wangyuxuan@163.com', '15365846584', '15365846584', '1', '2018-05-08 15:34:39', '', '0', null);
INSERT INTO `pm_sys_user` VALUES ('23', '33', 'zoujidi', '01a975d8393832835c2e7a6101834b916fa5ce894bff46ce82698a35', '0123456', '', '', '', '', '1', '2018-05-12 21:45:29', '', '0', '2018-05-13 08:17:47');
INSERT INTO `pm_sys_user` VALUES ('24', '33', 'zhangxiangguo', '870edc72820dbd23c4b4ccf6bb251d9109b3192cabeb0ffa1bc4eb73', '250250', '', 'zhangxiangguo@163.com', '', '', '1', '2018-05-13 10:22:07', '', '0', '2018-05-13 10:36:54');

-- ----------------------------
-- Table structure for pm_sys_user_role
-- ----------------------------
DROP TABLE IF EXISTS `pm_sys_user_role`;
CREATE TABLE `pm_sys_user_role` (
  `user_id` int(32) NOT NULL COMMENT '',
  `role_id` int(32) NOT NULL COMMENT '',
  PRIMARY KEY (`user_id`,`role_id`)
) ENGINE=InnoDB DEFAULT CHARSET=utf8 COMMENT='-';

-- ----------------------------
-- Records of pm_sys_user_role
-- ----------------------------
INSERT INTO `pm_sys_user_role` VALUES ('1', '1');
INSERT INTO `pm_sys_user_role` VALUES ('16', '33');
INSERT INTO `pm_sys_user_role` VALUES ('17', '31');
INSERT INTO `pm_sys_user_role` VALUES ('18', '32');
INSERT INTO `pm_sys_user_role` VALUES ('19', '39');
INSERT INTO `pm_sys_user_role` VALUES ('20', '36');
INSERT INTO `pm_sys_user_role` VALUES ('21', '37');
INSERT INTO `pm_sys_user_role` VALUES ('22', '38');
INSERT INTO `pm_sys_user_role` VALUES ('23', '40');
INSERT INTO `pm_sys_user_role` VALUES ('24', '40');
